ensembl_id,baseMean,log2FoldChange,lfcSE,pvalue,padj,gene_symbol
ENSG00000175197,239.856563782687,-3.06224009779695,0.284249663801911,1.72626729760011e-29,3.39798454859606e-25,DDIT3
ENSG00000157557,1004.17208676092,-2.41051340308171,0.30627440756345,2.86251405008582e-18,2.81728632809446e-14,ETS2
ENSG00000116761,130.686035558451,-2.51906446044713,0.294604333066241,9.90063348496587e-18,6.49613565060227e-14,CTH
ENSG00000157404,63.573590747091,-4.68488492728367,0.612161529441659,1.64893821980509e-16,8.11442497966084e-13,KIT
ENSG00000186918,1910.42193142833,-2.17571681240435,0.295407857666978,5.33555501121222e-15,2.10050129681403e-11,ZNF395
ENSG00000139597,215.546686944071,-2.26875768791593,0.308949104915664,9.95399224580974e-15,3.10742362541303e-11,N4BP2L1
ENSG00000153487,427.731114729561,-1.81331529264994,0.253689727633484,1.10505818826921e-14,3.10742362541303e-11,ING1
ENSG00000114737,228.189611651976,-2.90897519480214,0.440730563965719,1.33207382477695e-14,3.27756764586369e-11,CISH
ENSG00000135245,1824.19143292691,-3.66725141842182,0.527303207188983,1.43933326365745e-13,2.8833213771077e-10,HILPDA
ENSG00000265185,280.536490095114,-3.93742531254357,0.649023866277077,1.46480460125366e-13,2.8833213771077e-10,SNORD3B-1
ENSG00000215244,121.921633128597,-3.17257258201719,0.446779384111588,2.12420990528177e-13,3.80117707050603e-10,LOC399715
ENSG00000150991,12101.0893828036,-1.99955787474731,0.300745882228434,4.76392925285074e-13,7.81443195109283e-10,UBC
ENSG00000177606,1295.32066046164,-3.35705904739147,0.49606902846011,5.51154066866545e-13,8.34532050169313e-10,JUN
ENSG00000025039,216.708075544137,-1.84852666726235,0.26509422146075,7.28868777552869e-13,1.02478950123933e-09,RRAGD
ENSG00000144908,227.546455787469,-2.88749832035353,0.436835914431442,9.73373620600722e-13,1.27732575652697e-09,ALDH1L1
ENSG00000116285,5735.02869843746,-2.85137662000371,0.395248895714835,1.3555296906168e-12,1.66764040188132e-09,ERRFI1
ENSG00000137474,98.2777835913584,-3.08067870352499,0.478959239176448,1.97464251041894e-12,2.28640371618155e-09,MYO7A
ENSG00000130766,130.281412749006,-2.99245869574679,0.428556767443328,2.43517517032485e-12,2.66299933625969e-09,SESN2
ENSG00000186340,754.969930834164,3.25083997676894,0.491495085754071,2.68343910487443e-12,2.78004291264991e-09,THBS2
ENSG00000162772,139.317657778908,-4.11371400749357,0.652393807074916,3.17794417102216e-12,3.12773265312001e-09,ATF3
ENSG00000109519,254.276608914607,-1.67855981445411,0.25977465500389,3.51306266726857e-12,3.29291074011974e-09,GRPEL1
ENSG00000258890,576.386388153917,-1.96396084695234,0.292942739127853,3.84534174089497e-12,3.4405321285353e-09,CEP95
ENSG00000167536,88.4432519949435,-2.67113486582663,0.442357507290661,4.48306470545028e-12,3.8367237244384e-09,DHRS13
ENSG00000229980,17.7296853398392,-2.49853341725189,0.386288510309146,4.69660771851568e-12,3.85200109713595e-09,TOB1-AS1
ENSG00000176595,119.255224177535,-2.12578453031893,0.320071643655105,9.5120741206419e-12,7.2013718073352e-09,KBTBD11
ENSG00000273645,119.255224177535,-2.12578453031893,0.320071643655105,9.5120741206419e-12,7.2013718073352e-09,KBTBD11
ENSG00000168874,717.236249994857,-3.6827999098078,0.568677204527619,1.09748245715873e-11,8.00105358767128e-09,ATOH8
ENSG00000141232,812.981902774233,-3.09763667406233,0.465987464568136,1.28910507970667e-11,8.74991185825728e-09,TOB1
ENSG00000162496,925.254817728059,-2.23989072335102,0.364969486330818,1.27586741040319e-11,8.74991185825728e-09,DHRS3
ENSG00000232956,75.624424826518,-1.49029264088659,0.235432109258717,2.06499518116293e-11,1.3549121715337e-08,SNHG15
ENSG00000148841,533.848206877788,-3.10922957735979,0.511774800438535,2.93170242037398e-11,1.86153646589166e-08,ITPRIP
ENSG00000211448,724.143713454723,3.63621295035316,0.567533288232109,4.73959337985758e-11,2.91544237778489e-08,DIO2
ENSG00000185950,290.389115363189,-2.22003393248615,0.37390071902418,4.91794089552747e-11,2.93347722992615e-08,IRS2
ENSG00000119950,930.119758213387,-2.54611528742393,0.405673248610793,6.72780877583602e-11,3.89500552775165e-08,MXI1
ENSG00000168209,6331.61897946192,-3.95012786735782,0.708356769145469,8.36921350901978e-11,4.70684567747272e-08,DDIT4
ENSG00000060138,2599.10482431711,-1.85295479901918,0.314342572319603,9.74365316442173e-11,5.04721233917046e-08,YBX3
ENSG00000148926,1633.39764640244,-3.71463282872504,0.69707608213605,9.53303319579734e-11,5.04721233917046e-08,ADM
ENSG00000155090,914.146287954456,-1.90858510582362,0.314025328675115,9.65656988450937e-11,5.04721233917046e-08,KLF10
ENSG00000162728,16.3010026191872,-2.62684130599015,0.455836798211822,1.01603186389316e-10,5.12809518176231e-08,KCNJ9
ENSG00000186642,47.2893166209032,-5.2682710771046,0.876552919535519,1.44150116207002e-10,7.09362721854659e-08,PDE2A
ENSG00000013588,918.367448464156,-2.42681710371653,0.423675975516969,1.55036598493229e-10,7.12275874827796e-08,GPRC5A
ENSG00000111276,541.519091205118,-1.60108094051222,0.264158281537304,1.59216310162686e-10,7.12275874827796e-08,CDKN1B
ENSG00000117394,1109.97520770747,-2.24739006392291,0.39194041829972,1.58270396834179e-10,7.12275874827796e-08,SLC2A1
ENSG00000188163,25.6992491783618,-3.14268122336262,0.512218699626501,1.57886507913743e-10,7.12275874827796e-08,FAM166A
ENSG00000046889,153.947448021179,2.99593973317719,0.479676802039135,2.32273641488449e-10,1.01601652423525e-07,PREX2
ENSG00000102096,71.1676830044441,-2.12311401400476,0.373102073189005,2.53673380131018e-10,1.08550148141282e-07,PIM2
ENSG00000115525,66.9718193581085,-2.04789499878417,0.36475625044845,3.41481156331376e-10,1.43015214494187e-07,ST3GAL5
ENSG00000124762,453.977685470767,-3.17912491906924,0.575875877946755,4.24540273559627e-10,1.74096890515577e-07,CDKN1A
ENSG00000185963,166.487259450485,1.43182532163355,0.248526908645213,4.43290911607451e-10,1.78076291920022e-07,BICD2
ENSG00000147010,131.989146856972,1.77394058186462,0.316289209644118,7.08977822589898e-10,2.79110389197191e-07,SH3KBP1
ENSG00000165195,200.668803384354,-2.40713091557099,0.419388944730007,1.25541174859731e-09,4.84539703125285e-07,PIGA
ENSG00000102572,1089.11536642788,-1.44759376663576,0.259125994823378,1.33760005397274e-09,5.06333066584605e-07,STK24
ENSG00000091536,144.331381306681,-1.37716430853712,0.258820119312325,1.41185380735242e-09,5.24357176300473e-07,MYO15A
ENSG00000100711,360.069291902595,-1.60293049413233,0.27859320836275,1.44566308987574e-09,5.26970967798408e-07,ZFYVE21
ENSG00000138764,463.996919803931,-1.67674231861618,0.294219309697457,1.52157643815057e-09,5.40626680178497e-07,CCNG2
ENSG00000156097,19.1154290424957,-2.18755000818448,0.400045799358849,1.53805598912801e-09,5.40626680178497e-07,GPR61
ENSG00000124374,160.145321975061,-2.32269944014596,0.411851600028604,1.79417744060313e-09,6.19589276154949e-07,PAIP2B
ENSG00000070495,332.664587192829,-1.40286285191752,0.258943229574795,1.86638127364784e-09,6.33411189491104e-07,JMJD6
ENSG00000128573,213.860936312313,-1.04638082293757,0.191590264251764,2.16140666731807e-09,7.21103878635405e-07,FOXP2
ENSG00000054967,126.258237787326,-2.52015448686594,0.482152957708629,2.5097199147032e-09,8.23355446683631e-07,RELT
ENSG00000023608,400.528251721686,-1.34452813240829,0.23167545045161,2.57022742611336e-09,8.29382895993694e-07,SNAPC1
ENSG00000099875,723.228585323408,-2.61446157267727,0.48458864319661,2.91668011734209e-09,9.11300498885106e-07,MKNK2
ENSG00000138646,93.349753400576,-2.49677145138704,0.467568501000983,2.90070441457072e-09,9.11300498885106e-07,HERC5
ENSG00000107372,3463.57609109244,-2.92316572438868,0.547949684913671,3.0461030270376e-09,9.27476328912675e-07,ZFAND5
ENSG00000119986,235.210307807438,-2.65075526793121,0.523416665179204,3.06268854802499e-09,9.27476328912675e-07,AVPI1
ENSG00000186056,55.9140912796,-2.53730420757227,0.491297514204372,3.16664649585898e-09,9.44428327643761e-07,MATN1-AS1
ENSG00000099860,1427.54169848805,-2.7370375470218,0.59911566451131,3.22397682647472e-09,9.47175520184007e-07,GADD45B
ENSG00000104419,4292.67491975905,-1.64499851850031,0.324309473716323,3.2895807236994e-09,9.52236867136751e-07,NDRG1
ENSG00000263155,62.9037846240354,-2.82449068532894,0.551108134292594,3.84898650239238e-09,1.09802101903031e-06,MYZAP
ENSG00000180190,139.886562362425,-1.68150605458237,0.306582721948952,4.03520711733702e-09,1.13470024139517e-06,TDRP
ENSG00000186352,363.584427961726,-2.20452232699835,0.426389903213055,4.37193972392213e-09,1.21207410599554e-06,ANKRD37
ENSG00000059728,186.661514180727,-1.2061499936494,0.214476890071192,5.33511858259401e-09,1.45856214138584e-06,MXD1
ENSG00000170525,4607.02013487237,-1.98528724199207,0.379405346211759,5.46949089374121e-09,1.47481450345756e-06,PFKFB3
ENSG00000218336,60.1314604837353,3.01551868346294,0.559830152315097,5.61983767101601e-09,1.49487682049026e-06,TENM3
ENSG00000142494,278.203956113246,-2.17643768098531,0.429736255850306,6.04863082698867e-09,1.58748332264593e-06,SLC47A1
ENSG00000006652,579.153574857692,-2.09696403724733,0.367295293792722,6.27495406505755e-09,1.62521310284991e-06,IFRD1
ENSG00000188338,712.723144557585,-2.91438612891321,0.55910802548667,6.79610718302504e-09,1.73733212715149e-06,SLC38A3
ENSG00000164142,288.811540008898,-2.36185531963569,0.442298428982244,7.38278446925979e-09,1.86311191657577e-06,FAM160A1
ENSG00000188305,32.2144560929055,-2.32354829383338,0.518025400587231,8.45338396127425e-09,2.10628366954079e-06,PEAK3
ENSG00000059804,541.312699713982,-2.32793740754151,0.455793942976753,9.74048464986368e-09,2.30105815419626e-06,SLC2A3
ENSG00000133316,225.780449560004,-1.53284213990046,0.275192768414908,9.40604568130438e-09,2.30105815419626e-06,WDR74
ENSG00000143147,101.137904636446,1.78472601245266,0.320128533131246,9.74374437350546e-09,2.30105815419626e-06,GPR161
ENSG00000158050,22.0544533619576,-4.23307917302449,0.873938324270078,9.81959383014051e-09,2.30105815419626e-06,DUSP2
ENSG00000106948,268.867889958266,-2.00303276761624,0.370920297122544,1.08168277796304e-08,2.50492280016758e-06,AKNA
ENSG00000146674,117.146316854606,4.06322515683464,0.657266812637396,1.21156913028341e-08,2.7412099724711e-06,IGFBP3
ENSG00000233421,35.8779708503213,-3.18639507080836,0.592572421710202,1.2080049872027e-08,2.7412099724711e-06,LINC01783
ENSG00000065621,379.17233337204,-1.30022808332874,0.252380674182547,1.27046295283313e-08,2.809864355457e-06,GSTO2
ENSG00000066279,40.5479096958914,4.70334518060561,0.735803876967351,1.26355985551997e-08,2.809864355457e-06,ASPM
ENSG00000112245,821.780167409819,-1.35881271067461,0.252585916680361,1.44031657356596e-08,3.1501323815636e-06,PTP4A1
ENSG00000151917,96.717487074287,1.56493510979621,0.284622694671487,1.47541084239319e-08,3.1914271452382e-06,BEND6
ENSG00000261423,41.1511931202488,-2.05596203414968,0.409871013159913,1.5557328960476e-08,3.32859199193489e-06,TMEM202-AS1
ENSG00000129521,594.187287366761,-1.77897706127029,0.31233109982833,1.57849154110384e-08,3.34097069839656e-06,EGLN3
ENSG00000160888,593.366042542895,-2.15573112384789,0.422880225705258,1.83292884658501e-08,3.83823100172121e-06,IER2
ENSG00000162745,102.219075352652,3.22377928804528,0.669974559339358,2.14007641302417e-08,4.43423832778608e-06,OLFML2B
ENSG00000107443,44.516323785541,1.31355769437521,0.249794374231332,2.44273857422372e-08,5.00863188489789e-06,CCNJ
ENSG00000128590,712.511152911279,-1.94711249976402,0.355940291724167,2.54775288855495e-08,5.1700997792078e-06,DNAJB9
ENSG00000130844,312.930610421506,-1.67813336389673,0.311491829867428,2.65304405528431e-08,5.22225191842163e-06,ZNF331
ENSG00000131711,178.208907342623,3.4641581563413,0.639177358985293,2.64981431407838e-08,5.22225191842163e-06,MAP1B
ENSG00000168672,73.1359187435059,-1.7606710440729,0.332580304967157,2.62315542887175e-08,5.22225191842163e-06,FAM84B
ENSG00000105810,306.116389111667,2.408041584138,0.422044870922771,2.83546452085518e-08,5.52606768599143e-06,CDK6
ENSG00000176490,40.6931072054086,3.12166735576073,0.610223924228173,3.35571441297477e-08,6.45576770795602e-06,DIRAS1
ENSG00000205403,133.481331343732,1.73294796237567,0.332138678210245,3.37809425888778e-08,6.45576770795602e-06,CFI
ENSG00000185100,784.804417812622,-2.43867318288297,0.50484660153068,3.49382664384872e-08,6.61273881322291e-06,ADSSL1
ENSG00000033100,402.716172277656,1.51800744116751,0.307473277976671,3.53902596584814e-08,6.63449401064331e-06,CHPF2
ENSG00000108821,7686.77107064059,5.46404740238059,0.95333534125742,3.58323974573145e-08,6.65400859952621e-06,COL1A1
ENSG00000131016,146.400992469304,-1.83107916679953,0.349159999377222,3.74024636736353e-08,6.88065509300783e-06,AKAP12
ENSG00000090924,262.27876474415,-2.00246475011507,0.402738729842034,4.01984373679038e-08,7.28170588279521e-06,PLEKHG2
ENSG00000179598,32.6735427135475,-1.86295248598511,0.367787377399376,4.03223908364498e-08,7.28170588279521e-06,PLD6
ENSG00000168264,1134.08961338092,-1.19932623749399,0.232829756490248,4.11960293040829e-08,7.37184218928698e-06,IRF2BP2
ENSG00000232860,28.3060263587145,-1.94931788440771,0.399103985295764,4.22648236655382e-08,7.49496206335545e-06,SMG7-AS1
ENSG00000124574,68.5148533981141,1.35759931288638,0.284374934298925,4.40208348179283e-08,7.68520356465199e-06,ABCC10
ENSG00000148773,41.7307994016757,4.79972123342518,1.02805027926434,4.41184719978498e-08,7.68520356465199e-06,MKI67
ENSG00000116584,782.708189890744,-1.56207071713136,0.322446678437415,4.51098957839652e-08,7.78897533869799e-06,ARHGEF2
ENSG00000235527,39.5541608295236,-2.33447250736245,0.450647595049337,5.04893706187167e-08,8.64202409790277e-06,HIPK1-AS1
ENSG00000086289,38.7883446378376,2.58436536158922,0.596068892475619,5.24734811854901e-08,8.90420692806196e-06,EPDR1
ENSG00000167693,177.468724239433,-1.58291264347498,0.338623860587038,5.37166633416378e-08,9.03725471125468e-06,NXN
ENSG00000196220,136.195139308837,-1.28372868838028,0.256943409862993,5.57564017660423e-08,9.30092383358286e-06,SRGAP3
ENSG00000205129,115.415385990324,-1.50993685979219,0.284505271449745,6.4874634146632e-08,1.07310277188429e-05,C4orf47
ENSG00000154813,234.195138479751,-1.35279405719203,0.268897237374769,7.11834684501163e-08,1.16764616081008e-05,DPH3
ENSG00000242114,57.3303781226216,-2.30954376676448,0.487363242596997,7.23948676024395e-08,1.17770295362514e-05,MTFP1
ENSG00000119812,236.611936065373,1.28669637967058,0.259295435640437,8.26609141568179e-08,1.33368642152689e-05,FAM98A
ENSG00000110721,183.986858592927,-1.48734809891347,0.318895392489067,8.72753886322977e-08,1.39669004051882e-05,CHKA
ENSG00000167772,1574.22775862952,-2.87891374461111,0.692786240862709,1.02535158600343e-07,1.62766295313641e-05,ANGPTL4
ENSG00000225434,14.5857411642626,-3.44122490101828,0.694960287930352,1.05784546637246e-07,1.66581041280605e-05,LINC01504
ENSG00000143369,136.954150626333,2.39026583775911,0.50916607503176,1.09272377643999e-07,1.70707736630514e-05,ECM1
ENSG00000047634,169.466653988537,-1.4973312373235,0.325968353263267,1.16930287595426e-07,1.81232738663652e-05,SCML1
ENSG00000167207,40.0218473478041,-2.86171414296981,0.710804347317204,1.18061141215052e-07,1.81555898724772e-05,NOD2
ENSG00000100226,394.881578559705,-1.03794655617685,0.215043916571613,1.20251756656088e-07,1.83491130078949e-05,GTPBP1
ENSG00000103855,250.908370822408,1.90888162940624,0.38839998383768,1.23330231562619e-07,1.86570750296666e-05,CD276
ENSG00000256235,469.362257132267,-2.66432667594715,0.620618928896319,1.32303114301782e-07,1.9729200772093e-05,SMIM3
ENSG00000162645,1046.61354938905,-1.51435758431334,0.337919839890958,1.36165634122726e-07,2.01525138501634e-05,GBP2
ENSG00000164104,404.086412994805,-1.83619588930307,0.394071231961149,1.53477436330821e-07,2.22136018877638e-05,HMGB2
ENSG00000185634,168.238691516959,2.4172911975344,0.469388815962881,1.51380698673761e-07,2.22136018877638e-05,SHC4
ENSG00000196743,152.349208059557,1.08754718070687,0.224901174820607,1.53324242944872e-07,2.22136018877638e-05,GM2A
ENSG00000112715,7684.23718579312,-2.31489878911611,0.490717141115072,1.78355695921427e-07,2.56259380913677e-05,VEGFA
ENSG00000167037,87.0336532306827,-1.78468708152061,0.387749457548778,1.81157652140806e-07,2.58399074256494e-05,SGSM1
ENSG00000162373,28.5988160834907,-1.6423285771519,0.33860339100392,1.93130665915214e-07,2.71541716276791e-05,BEND5
ENSG00000108852,121.386088513423,-1.82689118789332,0.436728315176756,1.98914843197362e-07,2.77690764077792e-05,MPP2
ENSG00000154096,308.515455642118,4.1667559579947,1.1650284346672,2.09838912268536e-07,2.90878109091118e-05,THY1
ENSG00000173706,191.377089206521,2.13635676141722,0.473679541250352,2.20031652741967e-07,3.02874339340761e-05,HEG1
ENSG00000144655,471.591365778495,-2.98873479605983,0.627670223461543,2.38651562583611e-07,3.26223427631652e-05,CSRNP1
ENSG00000159399,918.24697297474,-2.21426984773545,0.431873955755227,2.43682379843559e-07,3.30803032057974e-05,HK2
ENSG00000168026,106.644797210207,-1.33026672046687,0.298089356094181,2.5038924675322e-07,3.37579584458245e-05,TTC21A
ENSG00000132661,94.766156808381,-1.4233740702329,0.309458166822181,2.53117680101424e-07,3.38936626878669e-05,NXT1
ENSG00000168003,408.208278602874,-1.89886064477452,0.386595192653605,2.61604078143866e-07,3.47933423931342e-05,SLC3A2
ENSG00000178607,288.873092725273,-1.46153853135304,0.300251771546857,2.65597971483151e-07,3.50874528233178e-05,ERN1
ENSG00000123643,38.9155030934391,2.29613530856544,0.486911064338415,2.67504873192678e-07,3.51037728261645e-05,SLC36A1
ENSG00000120708,2334.79569352993,4.15331268747936,0.737481274310119,2.78232649540937e-07,3.62697448580385e-05,TGFBI
ENSG00000273761,883.701264480148,-1.00134989822969,0.215944534265842,2.97961815509886e-07,3.85860551085303e-05,DDX24
ENSG00000109046,2230.26999081881,-1.3649227137363,0.287502453525261,3.01360371013259e-07,3.8771095052451e-05,WSB1
ENSG00000136161,74.356244270163,1.25455553701872,0.265668135976133,3.03935962370863e-07,3.88485420994031e-05,RCBTB2
ENSG00000150593,1197.57964640331,-1.07763113079681,0.225934199332189,3.39845604888211e-07,4.31581992685132e-05,PDCD4
ENSG00000105656,108.550882277177,-1.56042683522446,0.373293545042745,3.45015746020874e-07,4.32566238514323e-05,ELL
ENSG00000145780,461.279611238769,-1.06978180311837,0.224679804138122,3.43103959339738e-07,4.32566238514323e-05,FEM1C
ENSG00000115112,66.1522136171238,-2.32697820597313,0.544539890167996,3.68398080158309e-07,4.58958722141529e-05,TFCP2L1
ENSG00000163435,77.7767714285304,-2.48803941948182,0.619077511721712,3.70825083244211e-07,4.59076788589877e-05,ELF3
ENSG00000111671,46.726268474503,-1.34945267369799,0.312372793556883,3.77834742173649e-07,4.64831191559132e-05,SPSB2
ENSG00000063127,64.888762530574,-2.69176129766099,0.728202671476124,3.84864131632592e-07,4.68161947283849e-05,SLC6A16
ENSG00000137265,28.7328151904505,-2.87464432889838,0.729458153034938,3.85298899918632e-07,4.68161947283849e-05,IRF4
ENSG00000095380,203.099869876461,-1.25193589565755,0.273238733974157,3.93878965875429e-07,4.69885670563149e-05,NANS
ENSG00000137745,118.833848871846,3.77963236774228,0.879372196037165,3.8975277791314e-07,4.69885670563149e-05,MMP13
ENSG00000176171,3017.69684397162,-2.26202561901909,0.512598405520602,3.93148522101854e-07,4.69885670563149e-05,BNIP3
ENSG00000140941,485.03416869033,-1.3956819672558,0.315709404698712,4.15609015086065e-07,4.92822159816512e-05,MAP1LC3B
ENSG00000070882,113.734329221709,1.83350148213655,0.405814187385461,4.24855562864105e-07,5.0076987421659e-05,OSBPL3
ENSG00000139645,138.661253498799,1.25477464482465,0.281971518474117,4.3122947918247e-07,5.02267518830044e-05,ANKRD52
ENSG00000255717,224.717083310169,-1.09552246492521,0.225367728621885,4.29379743644241e-07,5.02267518830044e-05,SNHG1
ENSG00000105707,13.8496468626511,-2.83453798836383,0.649608977094463,4.34994684344272e-07,5.0367266862545e-05,HPN
ENSG00000145901,828.759548404429,-2.058728705228,0.477314306063119,4.6016237396528e-07,5.296980215867e-05,TNIP1
ENSG00000117069,87.6918122955499,3.37092742026624,0.625357540438738,4.72620392228579e-07,5.40875569803916e-05,ST6GALNAC5
ENSG00000138678,26.7531715338875,-1.67879977105771,0.382626221997669,5.0227900057503e-07,5.64963419846794e-05,GPAT3
ENSG00000243753,30.6573227427059,-4.40458453691565,1.19443808680609,5.25259968583395e-07,5.87455523954293e-05,HLA-L
ENSG00000124253,68.2816992142625,-2.97567900683245,0.753316925520182,5.3713047660296e-07,5.97337644149868e-05,PCK1
ENSG00000120129,3067.4648216479,-1.64770644452907,0.362334126061728,5.92615926767943e-07,6.53915960947389e-05,DUSP1
ENSG00000187678,176.145251928956,-1.86119295612207,0.442571187710416,5.94650259142362e-07,6.53915960947389e-05,SPRY4
ENSG00000179029,97.1231511406339,-1.47544158743436,0.323212231673452,6.5132084563554e-07,7.12255529193887e-05,TMEM107
ENSG00000139112,576.35955550879,-1.87050925568016,0.416730721930059,6.65735300250541e-07,7.23996334261417e-05,GABARAPL1
ENSG00000072041,23.2015104886313,-3.03629520778529,0.723574019948505,6.8203291095679e-07,7.26278676782045e-05,SLC6A15
ENSG00000116183,40.876947946462,-2.22855128263279,0.538005409325926,6.81655817582714e-07,7.26278676782045e-05,PAPPA2
ENSG00000165072,338.717653274101,2.39992176553502,0.525453399280082,6.82592741336508e-07,7.26278676782045e-05,MAMDC2
ENSG00000235173,34.5640832475166,1.95866874336422,0.479726593768776,6.81780809483044e-07,7.26278676782045e-05,HGH1
ENSG00000087074,402.949384275817,-2.03882317130512,0.482440734448156,6.88031113780965e-07,7.28129271164759e-05,PPP1R15A
ENSG00000143365,297.386812976764,-1.75699997348641,0.37883228846771,7.05995491765739e-07,7.43145201065069e-05,RORC
ENSG00000138756,79.3485063224166,2.36575793047773,0.508255648970263,7.18914561970497e-07,7.52718842437621e-05,BMP2K
ENSG00000255112,525.625308223501,-1.58046664790888,0.328311272151364,7.50643993893851e-07,7.81781818825744e-05,CHMP1B
ENSG00000152377,318.123046199229,2.18165027910341,0.502439773299052,7.73102572740855e-07,8.00934265359525e-05,SPOCK1
ENSG00000109436,48.9039035509096,1.83171994359495,0.40420979403594,7.89382769483722e-07,8.09281793464458e-05,TBC1D9
ENSG00000109586,184.907076007487,1.29551543792556,0.2773384509737,7.87688463587082e-07,8.09281793464458e-05,GALNT7
ENSG00000163660,2199.05519827725,-2.34806704088559,0.512794799228339,8.00879104871242e-07,8.16813694315312e-05,CCNL1
ENSG00000113140,30995.9385807519,2.61065940058172,0.641761925550696,8.37442623339603e-07,8.45344646041884e-05,SPARC
ENSG00000262003,9.56094101738989,-2.44859891276175,0.530058224922972,8.85039428862747e-07,8.88832454986444e-05,LOC101927727
ENSG00000075426,1634.16597797415,-2.07568939939474,0.466398829284838,9.65230373155828e-07,9.5957548814138e-05,FOSL2
ENSG00000175556,72.4377543496917,-2.35858829954125,0.538172705882161,9.61290664857883e-07,9.5957548814138e-05,LONRF3
ENSG00000033327,313.840485290001,-2.23405333645912,0.509782163147689,9.70645144051555e-07,9.60109498266875e-05,GAB2
ENSG00000134107,5470.25361613069,-1.92831382485793,0.419547568107716,1.01691383659547e-06,0.000100084659797726,BHLHE40
ENSG00000104714,391.675673458867,-1.81266996555476,0.481538830367816,1.02426230215184e-06,0.000100160069123493,ERICH1
ENSG00000135604,34.5977638657477,-2.27520865358843,0.608626930723163,1.02785683615859e-06,0.000100160069123493,STX11
ENSG00000137573,899.875939257541,1.88512859941003,0.425671275760445,1.06804231427679e-06,0.000103563275439528,SULF1
ENSG00000275993,171.034351683776,-4.0387838825372,0.749282398341821,1.08960643690761e-06,0.000105136338745536,SIK1B
ENSG00000104812,212.861299592451,-1.87798043152925,0.429531371029767,1.13929884333312e-06,0.000109394919181313,GYS1
ENSG00000116717,396.080558483256,-2.05727207916367,0.57514235701015,1.23256008015101e-06,0.000117775303969381,GADD45A
ENSG00000106261,1959.0670934142,-1.16747970516517,0.253780144030318,1.24744218952365e-06,0.000118621507529389,ZKSCAN1
ENSG00000011426,35.949399107295,3.24122928363282,0.697304430588001,1.39651236252087e-06,0.000130192583158035,ANLN
ENSG00000166963,356.608757296237,1.96203516970155,0.484572233036221,1.40219607953177e-06,0.000130192583158035,MAP1A
ENSG00000261504,26.618887453036,-2.22732576360788,0.570576495887953,1.45418939058863e-06,0.000134386215795054,LINC01686
ENSG00000164077,18.9999022039425,2.25558655812905,0.547410495333397,1.49264125265657e-06,0.000137295095407906,MON1A
ENSG00000147852,229.018006286841,-1.11622378234766,0.246976895311433,1.52734341880232e-06,0.000139833617933511,VLDLR
ENSG00000122733,10.4805980463883,-3.03860611981045,0.701392608370268,1.59561211850632e-06,0.000144143692014448,PHF24
ENSG00000131480,116.325930214788,2.591910947164,0.756533553148447,1.59638919219415e-06,0.000144143692014448,AOC2
ENSG00000198355,580.749414149924,-1.66959951958184,0.395463228462913,1.58340807761893e-06,0.000144143692014448,PIM3
ENSG00000165507,2561.7578269977,-2.18001933711611,0.657251994888499,1.66064163604376e-06,0.000149260593442399,DEPP1
ENSG00000168487,310.903899070506,1.56531883164762,0.402883518044973,1.67787234205223e-06,0.000150123814458891,BMP1
ENSG00000020181,35.9478996252929,2.99139560237435,0.803467658459253,1.72124811053426e-06,0.000153307908632382,ADGRA2
ENSG00000211445,14758.3978962479,-3.07268307372029,0.785227428126876,1.77310749574324e-06,0.00015703190147413,GPX3
ENSG00000131747,41.1738349092026,4.31330636798168,0.821576462546927,1.81757079605554e-06,0.000158230568555587,TOP2A
ENSG00000140600,13.927537819194,-2.46058644913851,0.662366890861828,1.81044238417798e-06,0.000158230568555587,SH3GL3
ENSG00000145431,304.832396545342,1.90198499353328,0.443131690126281,1.82474797104848e-06,0.000158230568555587,PDGFC
ENSG00000163251,109.113879991396,-1.97508370199508,0.638372294245996,1.81905095856677e-06,0.000158230568555587,FZD5
ENSG00000131370,567.590666876028,-1.42309830512117,0.335899236029626,1.83508738331653e-06,0.000158429210759661,SH3BP5
ENSG00000198517,296.33581876735,-1.07385005972896,0.258918325743656,1.85602994507619e-06,0.000159537525933973,MAFK
ENSG00000086544,249.934992532892,-2.2216007569913,0.579550014677962,1.87446241935348e-06,0.000159726918885514,ITPKC
ENSG00000173221,681.787844377716,-2.68011451725632,0.754492421935147,1.86935215131387e-06,0.000159726918885514,GLRX
ENSG00000184995,7.72773564313944,3.89927443098418,0.87790396257809,2.01118728226963e-06,0.000168678312938861,IFNE
ENSG00000139496,601.189323790378,-1.07691790553173,0.247599966391749,2.04777554516186e-06,0.000170077695489309,NUP58
ENSG00000273002,26.7395770971409,-1.59497311509317,0.389903410546867,2.04623997531093e-06,0.000170077695489309,LOC107985209
ENSG00000125347,342.414191727236,-2.50988636028127,0.605098689219824,2.07856061195528e-06,0.00017190918943583,IRF1
ENSG00000164221,15.0638493342671,2.37058965931829,0.607369770669967,2.08841240407719e-06,0.000172001296074709,CCDC112
ENSG00000171617,72.6047610177246,2.22772040510198,0.472941165038946,2.15296574893854e-06,0.000176579074175442,ENC1
ENSG00000131323,143.721659469473,1.04162433934635,0.249511739796381,2.30999910328117e-06,0.000188672291904508,TRAF3
ENSG00000090889,16.3253248856795,2.45996493922063,0.513335245436226,2.35289216144582e-06,0.000191381526057436,KIF4A
ENSG00000130707,747.745646685624,-1.43720833305386,0.333135785182001,2.37190678089196e-06,0.000192134210185503,ASS1
ENSG00000109971,1747.11048250578,1.43654772542172,0.326295920774547,2.51149211307699e-06,0.000201780452056357,HSPA8
ENSG00000137878,64.0151684614538,-2.51406010078955,0.679376932440645,2.50765942330166e-06,0.000201780452056357,GCOM1
ENSG00000111275,465.586588969697,-1.02861781538595,0.232517249707821,2.67896780497647e-06,0.0002143124873157,ALDH2
ENSG00000198590,57.6654982590612,-1.16419323242795,0.281798126689497,2.68924935820859e-06,0.0002143124873157,C3orf35
ENSG00000164692,15679.1943268352,3.20247287867809,0.674546816543027,2.70032870562681e-06,0.000214327702586928,COL1A2
ENSG00000214456,46.810096767227,-1.58306063368586,0.408816385235132,2.71796626195542e-06,0.000214861236547512,PLIN5
ENSG00000148468,44.6734423438382,2.59307152281479,0.905118600691841,2.81137279738126e-06,0.000220474351169931,FAM171A1
ENSG00000113273,120.83668587595,1.47125893729272,0.336402379063436,2.83612878336389e-06,0.000220657545342826,ARSB
ENSG00000131149,282.516201295839,-1.3727261894328,0.348817698056842,2.93745497364607e-06,0.000226748485102939,GSE1
ENSG00000169604,932.897367529269,1.60730626947086,0.391929869581555,2.93416397364457e-06,0.000226748485102939,ANTXR1
ENSG00000107798,70.2058962868665,1.69469437984626,0.443902739121344,3.03888586329193e-06,0.000233639801635341,LIPA
ENSG00000173662,16.14874081151,-1.99997806025217,0.532034487284222,3.05046885898611e-06,0.000233639801635341,TAS1R1
ENSG00000116774,95.3001109018598,2.67712746181551,0.868890366357314,3.12205805402638e-06,0.000238196088121919,OLFML3
ENSG00000130775,23.0681911276489,2.83811127288084,0.7210394313628,3.19655855119563e-06,0.000242938449890868,THEMIS2
ENSG00000076053,349.055031144154,-1.10474361115641,0.263240210750646,3.2128628855148e-06,0.000243238434763359,RBM7
ENSG00000184216,174.661292776754,1.32708485718061,0.348304040966626,3.2310581674055e-06,0.000243678731675133,IRAK1
ENSG00000171223,2561.75081230232,-1.62541675212076,0.386162024417715,3.27280972729026e-06,0.000245885445312907,JUNB
ENSG00000109738,34.6239016644408,2.02397383179416,0.517211472667362,3.36588042377171e-06,0.000251916312781454,GLRB
ENSG00000139291,160.753393473253,1.01181306899399,0.242009386056629,3.38660391130811e-06,0.000252507240114351,TMEM19
ENSG00000234292,4.88778222294271,-2.76377850536083,0.717307495996476,3.40633873841356e-06,0.00025302027066767,LOC729040
ENSG00000175938,213.564884585609,-1.81956887050015,0.460380359474517,3.49846820727808e-06,0.000258886647338578,ORAI3
ENSG00000092068,462.807588667974,-3.44626147898224,0.97822419071027,3.55321370310492e-06,0.000261953028209428,SLC7A8
ENSG00000051108,1868.92990865893,-1.41616532225351,0.353325083674233,3.58308423037936e-06,0.00026219118955683,HERPUD1
ENSG00000119138,1500.09273664584,-1.81203700320108,0.44438631933777,3.58273971917796e-06,0.00026219118955683,KLF9
ENSG00000006007,190.487923422836,1.06961562527301,0.273612078761912,3.60883676873287e-06,0.000263097566502733,GDE1
ENSG00000143333,430.162216958998,-1.7841561651815,0.52399406810849,3.62962470477689e-06,0.000263636651988297,RGS16
ENSG00000103260,73.5232087985637,1.52487832035652,0.37707037739945,3.69788058255429e-06,0.000267606916863966,METRN
ENSG00000118985,3298.69428038362,-1.98501917434626,0.536675826455101,3.74255938095086e-06,0.000269848127672662,ELL2
ENSG00000171310,121.828202091462,1.39063153447732,0.363788820601328,3.80340605708604e-06,0.00027323447017402,CHST11
ENSG00000142871,2387.04079849565,2.51034701215456,0.768031010600765,3.88469257843705e-06,0.000278059231687109,CYR61
ENSG00000105339,386.981259123431,-1.36373440950541,0.31521699881953,4.10992523004317e-06,0.000291006360532984,DENND3
ENSG00000115361,159.842603814326,-2.51263284068779,0.665047548871574,4.13418733684742e-06,0.000291675066446253,ACADL
ENSG00000229951,19.133544588778,-1.35923562215635,0.368385067795663,4.22386793465356e-06,0.000296937915806145,FLJ31356
ENSG00000083896,480.205321120188,-1.11219544465299,0.269842909287982,4.3783441816397e-06,0.00030561463429573,YTHDC1
ENSG00000275272,480.205321120188,-1.11219544465299,0.269842909287982,4.3783441816397e-06,0.00030561463429573,YTHDC1
ENSG00000119508,69.9188938064893,-2.36911014934375,0.70361475987275,4.43726871013213e-06,0.000308633205972583,NR4A3
ENSG00000204381,190.066252731029,-1.39889271485284,0.357593970089353,4.47672626577719e-06,0.000309192560756345,LAYN
ENSG00000084463,419.002903082407,-1.04765956479141,0.258724045542551,4.62721450649608e-06,0.000317359199811389,WBP11
ENSG00000156970,7.57296738609242,3.61648965886844,0.956783107039526,4.6151618054068e-06,0.000317359199811389,BUB1B
ENSG00000106993,279.570161126394,-1.18029934792305,0.284627076214308,4.69744198180521e-06,0.000318031007058571,CDC37L1
ENSG00000116001,413.767281837831,1.12372606640544,0.258544678081317,4.68988224577785e-06,0.000318031007058571,TIA1
ENSG00000143847,768.050018673646,-1.95315719158987,0.494549567623483,4.68544912357008e-06,0.000318031007058571,PPFIA4
ENSG00000166825,119.30041396393,3.56322742035986,1.03946972912493,4.70163701757997e-06,0.000318031007058571,ANPEP
ENSG00000154655,90.7791297878131,-1.55960702476349,0.38913726413133,4.74252721243499e-06,0.000319698307019076,L3MBTL4
ENSG00000184205,1324.47381703697,-1.83764173087818,0.529584257116222,4.84379764127507e-06,0.000325410623791326,TSPYL2
ENSG00000154736,324.72665072345,2.66511853371143,0.684907003716693,4.88140419153805e-06,0.000326821633014405,ADAMTS5
ENSG00000031698,745.611300768751,-1.21567441608791,0.279716485664371,5.09745239961461e-06,0.000338980584574371,SARS
ENSG00000139636,214.364919299127,-1.0305440797777,0.247342827058465,5.12463992698993e-06,0.000339641118932222,LMBR1L
ENSG00000163754,311.727967131035,-1.45751918410758,0.386407343970172,5.45450451989076e-06,0.000355905534596726,GYG1
ENSG00000225589,29.9711468744348,-3.35764057897949,1.2341744890712,5.46044866125845e-06,0.000355905534596726,MDC1
ENSG00000234012,29.9711468744348,-3.35764057897949,1.2341744890712,5.46044866125845e-06,0.000355905534596726,MDC1
ENSG00000236841,13.6854188610471,4.0788066169046,0.952027939346128,5.43527398805069e-06,0.000355905534596726,LOC101929532
ENSG00000142611,62.2300062388423,-1.79358727697982,0.460799386312556,5.47972325646257e-06,0.000355983077822473,PRDM16
ENSG00000159388,901.905408650057,-2.43991756569055,0.625397942878698,5.50494764586217e-06,0.000356047710187953,BTG2
ENSG00000163913,371.250068095983,-1.09287892880222,0.279269780579435,5.52533219798077e-06,0.000356047710187953,IFT122
ENSG00000265972,5834.95409821564,-2.53513130612962,0.6538257440121,5.53498269241585e-06,0.000356047710187953,TXNIP
ENSG00000112210,130.010696422975,1.67194714682941,0.400897245038245,5.78102563937651e-06,0.000369134897559688,RAB23
ENSG00000170745,13.7805313202835,3.02902241530548,0.824288205772073,5.79469027362039e-06,0.000369134897559688,KCNS3
ENSG00000186480,691.366346807994,-1.8879534622504,0.475310449716748,5.81769111425465e-06,0.00036940461900964,INSIG1
ENSG00000177169,200.674580459761,-1.82361120378334,0.480010311713145,5.87738960234609e-06,0.000371995295603152,ULK1
ENSG00000165030,406.261905657533,-2.59750467340319,0.630547098161966,5.91254396726313e-06,0.000373020882857716,NFIL3
ENSG00000110092,446.401668786367,2.11401701621815,0.653249959469806,6.02764823754796e-06,0.000378548794557088,CCND1
ENSG00000253669,16.5886044054091,-2.38046767323113,0.650461541508439,6.13835342289383e-06,0.000383578885003943,GASAL1
ENSG00000170234,144.157262369374,1.0337273600906,0.261530956076969,6.16676437911268e-06,0.000384134778602703,PWWP2A
ENSG00000162073,11.3133224987718,3.51854862786846,1.07525939156816,6.29634753272562e-06,0.000389739952308714,PAQR4
ENSG00000102554,97.8369583026851,-1.829929765365,0.552765288103405,6.39690843535193e-06,0.000394168382097798,KLF5
ENSG00000129925,49.2059025883364,1.48949828755792,0.418948593212968,6.43946273648578e-06,0.000394570920264489,TMEM8A
ENSG00000196154,599.618797214641,2.79643005288695,0.672094127713033,6.45457408683019e-06,0.000394570920264489,S100A4
ENSG00000120251,77.0116929007686,3.23672374207573,0.743105066749993,6.56771665029032e-06,0.000400244379394163,GRIA2
ENSG00000188229,765.630459914903,-1.56557091181145,0.41456190924665,6.69488453632887e-06,0.000406734898805856,TUBB4B
ENSG00000091986,5327.06804360855,1.86925728200275,0.504675222471278,6.78592434167021e-06,0.000410997337665958,CCDC80
ENSG00000255587,4.21990776403938,-3.79258119096144,1.30318610783036,6.80725583712734e-06,0.000411024613184094,RAB44
ENSG00000181577,11.518401348965,-3.07983814825739,0.715578101024416,6.8882485236762e-06,0.000414643070153034,C6orf223
ENSG00000183196,1002.29260518979,1.54201067342094,0.385432792635663,6.97285747995665e-06,0.000417184579439109,CHST6
ENSG00000175283,40.0780036968322,1.67319824230264,0.470341210068745,7.07364045604996e-06,0.000417463335900315,DOLK
ENSG00000181915,102.307062503051,1.02135708796304,0.250535259474061,7.02626176026742e-06,0.000417463335900315,ADO
ENSG00000183111,47.0289195884016,-1.8966445346801,0.500947248967019,7.05174961661769e-06,0.000417463335900315,ARHGEF37
ENSG00000256546,17.1360458779309,-1.78553469714303,0.44351628442404,7.12866211089123e-06,0.000417620788663044,LOC100506691
ENSG00000280651,17.1360458779309,-1.78553469714303,0.44351628442404,7.12866211089123e-06,0.000417620788663044,LOC100506691
ENSG00000130635,7815.79648389987,2.10071987176081,0.497240296308353,7.1579934771288e-06,0.000418094788141849,COL5A1
ENSG00000118961,45.4104264975018,1.04246387817157,0.247730001045469,7.23423966722869e-06,0.000420302910440936,LDAH
ENSG00000149380,199.804381853704,1.63960759968248,0.434725322586463,7.23850267422664e-06,0.000420302910440936,P4HA3
ENSG00000187626,22.7910631068777,1.36059906862608,0.32674766369255,7.38176841466881e-06,0.000427360969042179,ZKSCAN4
ENSG00000117408,69.3994963992744,1.47546843347227,0.398575458337721,7.45362858079531e-06,0.000427747011616254,IPO13
ENSG00000168070,6.62741597986081,-2.9871684814363,0.835120108294177,7.45267021581724e-06,0.000427747011616254,MAJIN
ENSG00000214553,9.39462952761044,-1.96953564973152,0.538370791144773,7.42563243989163e-06,0.000427747011616254,LRRC37A11P
ENSG00000109805,10.57107395172,3.67672855969211,0.889559923421903,7.72163452456011e-06,0.000439285127113992,NCAPG
ENSG00000171914,144.811327061896,-1.29710547714767,0.309787538610303,7.83894855828649e-06,0.000444673957986488,TLN2
ENSG00000172139,11.1249699899161,2.76968636190335,0.696302874196388,7.92931155118428e-06,0.000448507380958366,SLC9C1
ENSG00000114770,169.543812309663,1.13602071782108,0.288821606304386,8.10355815938785e-06,0.000457049967935216,ABCC5
ENSG00000153879,246.578375954022,-1.39972704974498,0.312292427394916,8.19905952171102e-06,0.000461115107501028,CEBPG
ENSG00000162409,108.119486493447,-1.09267232557816,0.255899883151791,8.43521251548176e-06,0.000471700918053247,PRKAA2
ENSG00000135318,1520.25158236397,1.61465190025331,0.385376185334503,8.48815387350276e-06,0.000473316772934924,NT5E
ENSG00000166148,60.4186587152478,-2.98555335146785,1.03118442933389,8.54933135439623e-06,0.0004753814643501,AVPR1A
ENSG00000152684,382.17601374605,-1.08688656494266,0.285062296062776,8.63564964590293e-06,0.000476373808550511,PELO
ENSG00000197457,38.9851125559825,1.72597813229938,0.521460599337476,8.63179726641222e-06,0.000476373808550511,STMN3
ENSG00000198732,1729.97520607878,2.10652642260746,0.575614432069576,8.63978102278666e-06,0.000476373808550511,SMOC1
ENSG00000198010,6.48561333201903,-3.39857907043714,0.869995502112311,8.70068574977704e-06,0.000478391894688858,DLGAP2
ENSG00000223776,5.72153172070872,-3.64491465609731,1.1307697282374,8.82782907791052e-06,0.000484030606043428,LGALS8-AS1
ENSG00000180425,99.3577357321527,-1.30797607927764,0.351078342712432,9.09265415434268e-06,0.000497166123261337,C11orf71
ENSG00000074181,62.5596670009511,2.69445396353044,0.76397717431139,9.27003259236582e-06,0.000503181187610284,NOTCH3
ENSG00000130518,169.939276974527,-2.12744947906575,0.617569696311299,9.28668963723749e-06,0.000503181187610284,IQCN
ENSG00000171488,86.7471758147716,2.17022182789626,0.527793571226942,9.30491527586585e-06,0.000503181187610284,LRRC8C
ENSG00000188522,189.58169602122,-1.63378355697533,0.440268204199488,9.36810376050319e-06,0.000503829930114057,FAM83G
ENSG00000182263,38.3693897304493,2.49561064609526,0.777362718400216,9.40881699668078e-06,0.000504640745947314,FIGN
ENSG00000166033,12007.5727848998,2.18386943937932,0.601294488828949,9.56051618332757e-06,0.000511383697153858,HTRA1
ENSG00000122547,52.3401098878101,-1.7316253170278,0.505276292212634,9.66096199887283e-06,0.000512919925844627,EEPD1
ENSG00000170312,9.97505843085003,3.81683538258019,0.872512984022669,9.6361867389534e-06,0.000512919925844627,CDK1
ENSG00000188488,2384.9072300585,1.63222838467747,0.456716228008451,9.99914267237128e-06,0.000529094420330528,SERPINA5
ENSG00000108590,46.9088514848468,-1.32285949928163,0.367558534257898,1.00454800783933e-05,0.00053012125968658,MED31
ENSG00000189184,53.163225301231,3.15390673987017,0.930808047721005,1.01082898606271e-05,0.000532009565819743,PCDH18
ENSG00000106483,33.8681612258057,3.8875626688434,1.24957002823988,1.01740449340695e-05,0.000534042401285931,SFRP4
ENSG00000106078,50.6555199585915,1.71888049066435,0.49468155100487,1.03598531052904e-05,0.000539479758001419,COBL
ENSG00000111674,937.728207492787,-2.25670279480246,0.637075390758098,1.0313547700191e-05,0.000539479758001419,ENO2
ENSG00000235919,16.5687465795042,-1.68292410039745,0.433603091200907,1.03327739286033e-05,0.000539479758001419,ASH1L-AS1
ENSG00000101605,63.6876936972275,-1.10837664417187,0.282161060441224,1.06215841528443e-05,0.000551649769035849,MYOM1
ENSG00000177150,256.431522757025,-1.19831773089519,0.281773935941456,1.0663353427449e-05,0.000552361707541856,FAM210A
ENSG00000154537,19.6331730060164,-1.69476475325538,0.457316640615521,1.08689579402983e-05,0.000559924443299144,FAM27C
ENSG00000048140,33.8144737279417,1.4048354709661,0.383585514013627,1.11227311589286e-05,0.000568674909434676,TSPAN17
ENSG00000117000,775.832099460376,-1.03650791264994,0.25244506138471,1.19668207066858e-05,0.000606955752100705,RLF
ENSG00000137494,304.542788183433,-1.50601977328621,0.381649923568644,1.20310780915521e-05,0.000606955752100705,ANKRD42
ENSG00000151364,46.6584921436726,-1.25729952314068,0.356854115648959,1.20873122751207e-05,0.000606955752100705,KCTD14
ENSG00000173218,89.2282356561494,1.81499265917183,0.44091346742948,1.20830758876315e-05,0.000606955752100705,VANGL1
ENSG00000262884,14.1575094759269,-1.86684183100425,0.464430152940752,1.1948583002133e-05,0.000606955752100705,LOC101927911
ENSG00000165694,16.2064215384153,2.30335813960791,0.556600725965218,1.23077458429997e-05,0.000616452084411212,FRMD7
ENSG00000176619,77.1278052012631,1.45740932928348,0.377843540769301,1.23695017107279e-05,0.000617972770746112,LMNB2
ENSG00000136826,1261.98988661859,-1.40918719539651,0.377435922599196,1.27155105864416e-05,0.000632050783796761,KLF4
ENSG00000133619,166.789132181744,-1.6275475224608,0.479359907102392,1.27491180016709e-05,0.000632075862756782,KRBA1
ENSG00000164105,253.407260350323,-1.45678122359908,0.361884259479575,1.27802374200975e-05,0.000632075862756782,SAP30
ENSG00000072071,100.94536558912,2.03214629770375,0.717341091430193,1.28941197304077e-05,0.000634664016862986,ADGRL1
ENSG00000090339,476.199807549793,-1.68708229644256,0.523508962563329,1.29292964215636e-05,0.000634664016862986,ICAM1
ENSG00000170558,11.5813674453476,4.41989458238964,1.37319251760507,1.28991353036673e-05,0.000634664016862986,CDH2
ENSG00000078098,738.655463171427,2.11333025419742,0.506821245804149,1.35200358355696e-05,0.00066174278068028,FAP
ENSG00000169231,838.235327815591,1.58870470533705,0.410012718428847,1.35481782470104e-05,0.00066174278068028,THBS3
ENSG00000172061,179.170028671462,3.7170050747696,0.83525564688439,1.36870612721986e-05,0.000666871569509794,LRRC15
ENSG00000131797,68.5703756545468,-1.30104482129286,0.380989580731844,1.4056990549203e-05,0.000682563040298003,CLUHP3
ENSG00000214193,185.017659028406,-1.75816582591345,0.449131409831139,1.41346538484525e-05,0.000682563040298003,SH3D21
ENSG00000253848,3.61534545507496,-2.42935001048893,0.730968449200352,1.4126628841024e-05,0.000682563040298003,LOC105375645
ENSG00000080546,321.698902669448,-1.46572088601794,0.384913878979474,1.43119321335155e-05,0.000688792352362151,SESN1
ENSG00000177283,801.776021215692,1.7468900172171,0.51386182426212,1.44599246410329e-05,0.000694217455205099,FZD8
ENSG00000224531,40.9478166426506,1.39248586674686,0.379185997068529,1.45654170785182e-05,0.000697419923725042,SMIM13
ENSG00000166816,65.8611519019359,-1.75000191731937,0.479707080103472,1.48269323679231e-05,0.000704959750556033,LDHD
ENSG00000010327,118.705255432451,1.82937915013146,0.475627081921689,1.48647995640223e-05,0.000705057143658347,STAB1
ENSG00000068001,66.8672510002038,1.47623139558022,0.426334789397709,1.49435050200734e-05,0.000705831246147011,HYAL2
ENSG00000233844,38.5804411473649,2.61087571623507,0.713299122329966,1.5034263993933e-05,0.000707977158987027,KCNQ5-IT1
ENSG00000240771,53.3297609074477,1.14029939504413,0.289170764720092,1.51523902113984e-05,0.000711836870933569,ARHGEF25
ENSG00000150687,326.364421764728,1.32079042426624,0.358616291908444,1.51924319712054e-05,0.000712018645050495,PRSS23
ENSG00000104998,28.301149225402,1.44342543960175,0.402730424365108,1.55508156166149e-05,0.000721939279710962,IL27RA
ENSG00000143367,80.9017438938851,-1.16752267843506,0.294850228339139,1.55037495583937e-05,0.000721939279710962,TUFT1
ENSG00000204666,4.26412368348586,-2.49708127759035,0.74479256874934,1.55287596507299e-05,0.000721939279710962,LOC400710
ENSG00000114554,167.002942966762,1.11152360698424,0.290404333526348,1.56261988521182e-05,0.000723731995776693,PLXNA1
ENSG00000069998,95.0352593904148,-1.1806386132909,0.307423652692965,1.58856886468375e-05,0.000734023228460913,HDHD5
ENSG00000176788,56.8089827945248,3.21518623478552,1.07221984240951,1.60004526782776e-05,0.000735871286259849,BASP1
ENSG00000165943,40.8111883023832,-1.11926677430178,0.278809071762536,1.62801800248143e-05,0.000741803387982513,MOAP1
ENSG00000272323,22.9559095538815,-1.27161908326954,0.326497834909596,1.62611241090589e-05,0.000741803387982513,LOC101929704
ENSG00000278268,40.8111883023832,-1.11926677430178,0.278809071762536,1.62801800248143e-05,0.000741803387982513,MOAP1
ENSG00000086300,11.8149029068481,3.30827295513904,1.05009639494607,1.67825492993274e-05,0.000762927714568038,SNX10
ENSG00000001626,33.0012228025417,-1.15107153039507,0.324059276084629,1.69121062878933e-05,0.000767045852928323,CFTR
ENSG00000113739,4678.49843617475,-2.53320685810158,0.792974792871643,1.71999204025229e-05,0.000778306283225889,STC2
ENSG00000186716,294.218873779626,-1.38330265788827,0.415104537765379,1.75183185174724e-05,0.0007908958295824,BCR
ENSG00000135698,44.3503356769964,1.14187273519286,0.303379274121737,1.76219722800191e-05,0.000793754925308688,MPHOSPH6
ENSG00000100814,289.570089826505,-1.44058091682026,0.34301414814061,1.77850584619946e-05,0.000799271896725805,CCNB1IP1
ENSG00000259530,6.80648641076797,-3.5857767932385,0.939930107536063,1.84382019834234e-05,0.000824858108731149,LOC101928850
ENSG00000150753,232.452186138828,1.08060359744345,0.288550743926689,1.86923104950232e-05,0.000832442171457095,CCT5
ENSG00000133065,417.133430680845,-1.3390675960837,0.373125921632439,1.87884571118881e-05,0.000834630850995886,SLC41A1
ENSG00000164294,391.568714577156,1.25230760348876,0.315081216816253,1.88686612829287e-05,0.000834630850995886,GPX8
ENSG00000182199,914.419934680877,-1.40786262829417,0.356103143838627,1.88657925242754e-05,0.000834630850995886,SHMT2
ENSG00000132881,20.516300583351,-1.62815334233227,0.471815197559927,1.94685928391853e-05,0.000855356125404549,RSG1
ENSG00000166446,26.5078935861769,1.94093597928976,0.501052672649555,1.95110191173868e-05,0.000855356125404549,CDYL2
ENSG00000188312,89.0876419289918,1.51227696763903,0.381847221600309,1.95826572537138e-05,0.000856588945293562,CENPP
ENSG00000087116,356.207137875921,2.33078272764391,0.716857480879315,1.98635636839611e-05,0.000865031830874091,ADAMTS2
ENSG00000264954,34.4592961241872,-1.08798649640347,0.289868782901646,1.98470631976356e-05,0.000865031830874091,PRR29-AS1
ENSG00000103257,224.014522140739,-2.02634669867461,0.495564379314037,2.00641663376849e-05,0.000870811194006708,SLC7A5
ENSG00000183833,142.888513110091,-1.00153884684713,0.254109625289908,2.00847532045847e-05,0.000870811194006708,MAATS1
ENSG00000133985,51.8165256009947,2.15262900805136,0.624434507253406,2.03649085165057e-05,0.000881017273052522,TTC9
ENSG00000014257,14.9708491092352,-2.22245012528099,0.649876183586534,2.04860937247654e-05,0.000882381332337597,ACPP
ENSG00000175137,70.3412880585321,1.41349175953162,0.368793457315292,2.04635341587071e-05,0.000882381332337597,SH3BP5L
ENSG00000106617,269.718645340205,-1.73672148720049,0.506268149639715,2.06334493214913e-05,0.000886787808830207,PRKAG2
ENSG00000151748,847.287722571161,-1.20991438295451,0.34429464463131,2.08638403767103e-05,0.000894736021732386,SAV1
ENSG00000129465,19.0614519194858,1.58669828574754,0.495750413996847,2.10646540393098e-05,0.000901384021977769,RIPK3
ENSG00000172794,63.6071524203604,-1.52637499998172,0.466082885848766,2.12211564183074e-05,0.000906111156047642,RAB37
ENSG00000123338,95.2844336582102,-1.28297265016852,0.353117622652852,2.13109516355241e-05,0.000907975696955966,NCKAP1L
ENSG00000100979,214.188878041443,2.84530996540669,1.22264980696222,2.17424633258153e-05,0.000922367776089111,PLTP
ENSG00000107815,22.0984606730303,1.15583691673019,0.336556630144275,2.18708236715469e-05,0.000925817834732753,TWNK
ENSG00000111961,988.515922054113,-1.28443223821069,0.338844906474753,2.32972845379039e-05,0.000981978048916703,SASH1
ENSG00000080573,102.578809113911,2.863823922985,0.768923540182166,2.39381943179476e-05,0.00100472333757102,COL5A3
ENSG00000115137,109.680112415803,-1.04462449275824,0.289689982590298,2.40694391988603e-05,0.00100472333757102,DNAJC27
ENSG00000158092,252.756719805533,-1.05696626900036,0.271163022732196,2.39731337992869e-05,0.00100472333757102,NCK1
ENSG00000177426,291.383141103809,-1.51561103338968,0.399461829617482,2.40235024639664e-05,0.00100472333757102,TGIF1
ENSG00000196371,298.547047155201,1.39906120561899,0.372397769181349,2.40921263632149e-05,0.00100472333757102,FUT4
ENSG00000106025,34.7250708042236,1.19580271853075,0.319455406392868,2.41466471164888e-05,0.00100486808000204,TSPAN12
ENSG00000169242,261.606357485124,-2.22706682512639,0.753808644565368,2.44260741975894e-05,0.00101397458084252,EFNA1
ENSG00000197181,88.8745882975964,-1.41362564385392,0.373272949477248,2.44684985724547e-05,0.00101397458084252,PIWIL2
ENSG00000247363,11.9258428409802,-1.60868995538371,0.500008358064827,2.470389939763e-05,0.00102157889861964,LOC100507250
ENSG00000156030,838.626683509676,-1.19031038803725,0.357844438582099,2.51263172038501e-05,0.00103392182642192,ELMSAN1
ENSG00000164647,209.744705090268,1.3781636146908,0.455551774726765,2.51599550323155e-05,0.00103392182642192,STEAP1
ENSG00000233822,46.172024371887,-1.14238079991888,0.289200770754653,2.5122695517449e-05,0.00103392182642192,HIST1H2BN
ENSG00000223953,51.8092669343349,2.25682162104224,0.73199534497283,2.56548285103396e-05,0.00105206175916151,C1QTNF5
ENSG00000162783,653.827311642695,-1.87816127387694,0.539269300669387,2.59198622016193e-05,0.00105851984974414,IER5
ENSG00000227533,72.8334615805933,-1.23827765351748,0.350535060931868,2.58780662191049e-05,0.00105851984974414,SLC2A1-AS1
ENSG00000104765,2223.06473942703,-1.0014962080232,0.273225861665187,2.63262721488107e-05,0.00107289097510806,BNIP3L
ENSG00000146085,294.294266597148,-1.0559736961632,0.261482235093639,2.64519805704981e-05,0.00107578674700348,MUT
ENSG00000143429,58.7121307456877,1.66560118365733,0.558011741100101,2.71170925972112e-05,0.00109379682517112,LOC645166
ENSG00000136436,674.579614043225,-1.08742185669705,0.2900846505984,2.72908410314223e-05,0.00109631207114799,CALCOCO2
ENSG00000235194,166.387980176775,-1.40836376208562,0.385990560368196,2.72807345537713e-05,0.00109631207114799,PPP1R3E
ENSG00000110046,150.835942923268,-1.71308752204044,0.498044982703862,2.75033156237731e-05,0.00110259728052617,ATG2A
ENSG00000099849,36.4433162906029,-2.03697706567603,0.710394444468216,2.81071996363794e-05,0.00112451649927336,RASSF7
ENSG00000040731,9.23014800453364,3.36432883757569,0.817510495401804,2.82037131399824e-05,0.00112480072106676,CDH10
ENSG00000249717,38.250927708466,-2.61670382656054,0.798372564606894,2.82285895248416e-05,0.00112480072106676,LOC100507388
ENSG00000170266,195.693929532749,1.12772555917587,0.314566671083898,2.82978144112682e-05,0.00112528116943718,GLB1
ENSG00000041982,10517.8439471987,3.23909296331312,0.865413270659061,2.86500518794868e-05,0.00113699117176576,TNC
ENSG00000162694,177.276818514105,1.3263176386031,0.366870517957481,2.95093098866769e-05,0.00116638806387419,EXTL2
ENSG00000139722,219.824897580783,-1.43100431810593,0.396526290928463,2.96774388672275e-05,0.00116676107365549,VPS37B
ENSG00000143842,76.4872105435396,-1.45147539962116,0.42037743049981,2.96965707123248e-05,0.00116676107365549,SOX13
ENSG00000204262,9114.47157181427,2.23842569763583,0.530794637386723,2.96286373526701e-05,0.00116676107365549,COL5A2
ENSG00000153234,457.817411620037,-2.00022932423826,0.619210065680331,3.03947586687147e-05,0.00119181360485056,NR4A2
ENSG00000035664,178.404793555968,-1.1955122560082,0.343807814797364,3.0510233185826e-05,0.00119269270944374,DAPK2
ENSG00000072210,607.057489891357,-1.16105365117419,0.2907050802025,3.05383624039649e-05,0.00119269270944374,ALDH3A2
ENSG00000137269,108.47507171842,1.14163714858383,0.293540327157045,3.06900788189059e-05,0.00119624457717098,LRRC1
ENSG00000077264,37.1493155648941,-1.67668706787764,0.49788773471237,3.10548618279327e-05,0.00120686961265207,PAK3
ENSG00000131471,31.4669267957513,1.98897175760766,0.662846012431798,3.10852922990549e-05,0.00120686961265207,AOC3
ENSG00000155636,62.9613205295554,1.21775520930805,0.357961378688194,3.12685698119208e-05,0.00120975514340932,RBM45
ENSG00000163516,607.375309022917,-1.54684732025079,0.47153330402234,3.15633113470449e-05,0.00121583604805329,ANKZF1
ENSG00000170379,751.994734062533,-1.02972270876238,0.283944849907876,3.19525315338849e-05,0.00122842505998631,TCAF2
ENSG00000198648,464.271633661819,-1.34172659400597,0.353684257071344,3.20734968713689e-05,0.00122973424149352,STK39
ENSG00000183091,217.359559345681,-2.01316447129964,0.454825338925848,3.30317184712719e-05,0.00126251717745343,NEB
ENSG00000236882,132.496471721102,-2.87474977975248,1.20019338375666,3.34601940112208e-05,0.00127641561805595,LINC01554
ENSG00000142178,178.587342059696,-3.18526819393903,1.20168017816886,3.36470271296458e-05,0.00128106011996121,SIK1
ENSG00000171105,487.066314447658,-1.11985302865955,0.300011555593285,3.38781503240328e-05,0.00128736971231325,INSR
ENSG00000173846,177.338701624643,-1.68113025704526,0.514212509184363,3.43797908609824e-05,0.00130140731405303,PLK3
ENSG00000051128,62.0208127443809,1.17518200598819,0.330664228190256,3.48641661160499e-05,0.00131720968489122,HOMER3
ENSG00000153291,357.532254234138,-1.12410234705434,0.313165091221897,3.51189514442801e-05,0.00132429394679925,SLC25A27
ENSG00000227741,9.98950531490743,-1.48357121363109,0.431522684904157,3.57612802183625e-05,0.00134593697861998,LOC729867
ENSG00000075391,245.622928102154,1.08002817896296,0.288927231502394,3.58670913073223e-05,0.00134734317804071,RASAL2
ENSG00000141696,309.058622821511,1.41330583348081,0.419078027741913,3.62535524491481e-05,0.00135926652649339,P3H4
ENSG00000139910,254.526003315033,1.43267425984949,0.471306299602682,3.68004313050069e-05,0.00137714769925429,NOVA1
ENSG00000122966,26.5160020432377,2.11184198236865,0.652289987497098,3.69679562068715e-05,0.00138079174568512,CIT
ENSG00000145214,46.8126658664995,1.12626073806636,0.342899516986089,3.7229551967175e-05,0.0013879289790187,DGKQ
ENSG00000025708,97.9730181243244,1.50955220848925,0.486996319965676,3.78865928092558e-05,0.00140815355642556,TYMP
ENSG00000142910,57.4969439931883,-1.26967563996808,0.372495306609985,3.79151282719747e-05,0.00140815355642556,TINAGL1
ENSG00000237054,12.5100023840189,-1.67394731129182,0.475832900239209,3.82400644073673e-05,0.00141754694499928,PRMT5-AS1
ENSG00000237424,66.5980581169127,-1.39426566924038,0.428257212955066,3.89478565936879e-05,0.00144107069396645,FOXD2-AS1
ENSG00000237989,38.262375225292,-1.76872895264645,0.449662141601187,3.91808578015972e-05,0.00144697186672916,LINC01679
ENSG00000168661,26.8493478196315,1.32496153318988,0.384722834609577,3.93439200539279e-05,0.00145027288827999,ZNF30
ENSG00000196814,33.4822061249029,1.0214298797166,0.298387723220697,3.97123816944506e-05,0.00146111873135246,MVB12B
ENSG00000073670,18.4459055644959,-1.54758815870956,0.452552143536944,3.99070828440295e-05,0.00146327630794781,ADAM11
ENSG00000172216,794.365417040823,-1.54118837626598,0.46837685960962,3.991970013046e-05,0.00146327630794781,CEBPB
ENSG00000220008,7.86939860851269,-2.47577551579597,0.861008977673131,4.00439069487395e-05,0.00146510086315797,LINGO3
ENSG00000128886,30.9842608853395,-1.17279407575085,0.340207284590793,4.03951409819662e-05,0.00147420839235108,ELL3
ENSG00000155115,117.525504149103,1.42276179487496,0.483902738198044,4.04426199893102e-05,0.00147420839235108,GTF3C6
ENSG00000120658,93.3393560255615,1.40770045185582,0.363489007114096,4.09952273803954e-05,0.00149158975185897,ENOX1
ENSG00000148426,62.2934195607792,-1.08853535247858,0.302589761245775,4.1527679547454e-05,0.00150817498932119,PROSER2
ENSG00000136108,47.2441216048601,1.66236737246013,0.463807966221242,4.18322544333449e-05,0.0015164384829944,CKAP2
ENSG00000182871,124.332846055707,1.96768049738646,0.575623793989958,4.19509115769952e-05,0.00151794438139995,COL18A1
ENSG00000139832,60.218701630382,-1.74434617820505,0.611075306363897,4.23880152755894e-05,0.00152259007579451,RAB20
ENSG00000142156,8789.93952838122,1.6765467493692,0.547075091540322,4.23450009638774e-05,0.00152259007579451,COL6A1
ENSG00000178537,32.2047587963992,1.35129066060893,0.378019872774449,4.24383771618981e-05,0.00152259007579451,SLC25A20
ENSG00000186766,35.547723143843,-2.50642488545188,1.05979150787934,4.21969355663309e-05,0.00152259007579451,FOXI2
ENSG00000106624,5926.20138605135,1.56230433139162,0.497289327409224,4.32020283663487e-05,0.00154095814289289,AEBP1
ENSG00000168542,77452.4673652578,2.8032161837344,0.66613606064116,4.32132135174189e-05,0.00154095814289289,COL3A1
ENSG00000153767,55.9536736271584,1.1538634147116,0.322899760249095,4.42449907572541e-05,0.00156922233885728,GTF2E1
ENSG00000124145,910.749880883547,-1.71279202959394,0.629136928216442,4.44877634017481e-05,0.00157372268085916,SDC4
ENSG00000088826,110.283025408994,-1.5441155711098,0.516692078176423,4.58371516356755e-05,0.00161405812664872,SMOX
ENSG00000203880,139.003315167373,1.00792106439858,0.314131974077739,4.72269485914793e-05,0.00165706819264649,PCMTD2
ENSG00000153157,24.5321409645931,-1.52417289739782,0.442666306632625,4.80793231588612e-05,0.00168098294326647,SYCP2L
ENSG00000162702,87.9288076275297,1.06414615633683,0.341778942161795,4.80286562478897e-05,0.00168098294326647,ZNF281
ENSG00000124731,78.7251101246928,3.03738768273885,1.06397821296796,4.85796294836089e-05,0.00169249969268296,TREM1
ENSG00000246022,10.8466087127583,-2.59949803808425,0.857362965533915,4.95432270148304e-05,0.00172298388791506,ALDH1L1-AS2
ENSG00000112742,6.20824995287202,2.82750596442681,0.758162990150277,4.96860981525239e-05,0.0017249050370975,TTK
ENSG00000100038,43.7355544091173,1.1765158206156,0.323201634499964,4.97986480643537e-05,0.00172576864172313,TOP3B
ENSG00000164877,82.4644381410936,1.69165386603167,0.569658676790003,4.99674570594802e-05,0.00172857543894342,MICALL2
ENSG00000198270,157.75830623211,-1.13873563861049,0.309556055142962,5.08459774400537e-05,0.00175280598936956,TMEM116
ENSG00000075223,336.634629794639,2.05427552122857,0.591318637012164,5.28089543018044e-05,0.00181729275607818,SEMA3C
ENSG00000124406,110.150517953628,-1.44792635889429,0.397291821953287,5.29019935576607e-05,0.00181731734936997,ATP8A1
ENSG00000104356,32.8208196747568,1.14478547712497,0.316354509413198,5.40649838653994e-05,0.00182929550047355,POP1
ENSG00000164932,612.893170286193,2.35489480050379,0.763348107674294,5.40152371871631e-05,0.00182929550047355,CTHRC1
ENSG00000172602,116.351772332105,-2.14385714511976,0.97683777407688,5.40870748463526e-05,0.00182929550047355,RND1
ENSG00000173334,153.073467790716,-2.13858894735412,0.624723538208846,5.35355617980151e-05,0.00182929550047355,TRIB1
ENSG00000204618,4.14595185650403,-2.96576409059983,0.921158701700615,5.37110082884573e-05,0.00182929550047355,RNF39
ENSG00000230332,4.14595185650403,-2.96576409059983,0.921158701700615,5.37110082884573e-05,0.00182929550047355,RNF39
ENSG00000241163,6.30320448562759,-2.51312529034923,1.30063171729858,5.37756026855792e-05,0.00182929550047355,LINC00877
ENSG00000132823,319.006049556982,-1.59601112845265,0.499620079011235,5.43098690771182e-05,0.0018299215276823,OSER1
ENSG00000197893,7.48801072868681,-4.2050407329055,1.39525201069396,5.4384479460178e-05,0.0018299215276823,NRAP
ENSG00000007944,231.997271261188,-1.15415070553389,0.369919662829666,5.63379195388961e-05,0.0018843383800357,MYLIP
ENSG00000148848,343.732569930903,2.24941369061491,0.605058139711216,5.6525413065998e-05,0.00188584106913746,ADAM12
ENSG00000164808,695.267067633726,-1.08977685091169,0.325410776158168,5.72501807799999e-05,0.00190655187366866,SPIDR
ENSG00000134901,57.6243346003698,1.24307149172356,0.3311278217664,5.78812972895325e-05,0.00192130768271022,KDELC1
ENSG00000061656,103.952446717006,-1.2862716036113,0.352490179801087,5.79931866847194e-05,0.0019217809540438,SPAG4
ENSG00000167191,341.725071901536,-1.58982002239762,0.476370898563134,5.8327491345879e-05,0.00192961065487778,GPRC5B
ENSG00000145386,15.0640677304106,1.84285607772623,0.524071981198094,5.88700317760623e-05,0.00193779169072302,CCNA2
ENSG00000230701,16.8007924441868,-2.00337763951056,0.841864570586136,5.88443283489442e-05,0.00193779169072302,FBXW4P1
ENSG00000197768,9.60300949638774,-1.78969063786312,0.583397445969402,5.93433768515366e-05,0.00194685838324275,STPG3
ENSG00000174640,40.6730855153684,-2.35340969508932,1.04362433116394,6.05496959291296e-05,0.00198312847698667,SLCO2A1
ENSG00000122679,41.1910617263662,1.95869182533684,0.788467580873375,6.07528463289262e-05,0.00198647678926675,RAMP3
ENSG00000168938,496.719773455829,1.9386972023725,0.737900948380902,6.08625070589542e-05,0.00198676217072712,PPIC
ENSG00000103365,474.70188654353,-1.04679410969202,0.29263107188589,6.13299407735093e-05,0.00199540256890208,GGA2
ENSG00000182950,15.7415534409377,-1.44599497269814,0.473921644158354,6.14594655655429e-05,0.00199631703002005,ODF3L1
ENSG00000104660,125.320306728428,1.05346450986716,0.344114909199115,6.35230060796379e-05,0.00204981451093704,LEPROTL1
ENSG00000167105,23.1419891919258,-1.88865829225977,0.587843283756134,6.34602329924797e-05,0.00204981451093704,TMEM92
ENSG00000178971,165.092047607735,-1.09803267568673,0.331051737031504,6.48018425462657e-05,0.00208424749784427,CTC1
ENSG00000087076,86.3113299979587,-2.73199452725648,0.939936908311387,6.55426560764505e-05,0.00210188787117417,HSD17B14
ENSG00000138316,27.7543343916893,2.62710923241206,0.794992653106899,6.55638667395316e-05,0.00210188787117417,ADAMTS14
ENSG00000182628,87.5899412804807,1.01382726817034,0.318458258339008,6.59901278687942e-05,0.00211211329588511,SKA2
ENSG00000048740,46.0716655402944,2.07851262030387,0.685154102743939,6.67958832183433e-05,0.00213097271518617,CELF2
ENSG00000173068,147.57808988489,1.34842372898546,0.421996390533628,6.6706382093757e-05,0.00213097271518617,BNC2
ENSG00000143643,59.744799510352,1.0876997009939,0.324130818736,6.8539903317446e-05,0.00217767035335427,TTC13
ENSG00000233122,7.227054904351,1.77700858211017,0.549563751334365,6.91680323626219e-05,0.00219243727701425,CTAGE7P
ENSG00000142627,60.9035642748212,-1.59504888568014,0.618530748790246,6.97364082117516e-05,0.00220689945215453,EPHA2
ENSG00000166860,40.3731883125725,1.18429016631174,0.356011904719182,7.04330695309639e-05,0.00222536844405697,ZBTB39
ENSG00000132470,171.605221651364,-2.42425051161996,0.826441192551638,7.08837442617377e-05,0.00223244099527687,ITGB4
ENSG00000141873,63.2452929068289,1.11175595471319,0.358103583130964,7.12054996563605e-05,0.00223899210101566,SLC39A3
ENSG00000166924,36.7825772777352,-1.80304491019702,0.630172518173025,7.23267738347821e-05,0.00226700671363671,NYAP1
ENSG00000241484,37.390870597879,-1.51593110937668,0.520374319770912,7.25511572907546e-05,0.00227042445168715,ARHGAP8
ENSG00000154814,231.021557014837,-1.57686088369577,0.523027188547853,7.30929027428787e-05,0.00228012788841652,OXNAD1
ENSG00000163815,118.474151957376,2.59619228547705,0.811334487341473,7.30079482033839e-05,0.00228012788841652,CLEC3B
ENSG00000266970,6.63132116969524,-2.34600196344072,0.865830143295714,7.50316931671881e-05,0.00233690482326413,LOC101928674
ENSG00000141750,214.185016179803,-1.78131712487648,0.623691579763923,7.72743238211487e-05,0.00239538234660707,STAC2
ENSG00000134955,637.385302109869,-1.53656809030761,0.437799681665074,7.74750478957664e-05,0.00239782836915136,SLC37A2
ENSG00000166123,698.486785158082,-1.61023024835027,0.531616378613798,7.85678567282985e-05,0.00242402773015647,GPT2
ENSG00000257838,21.027228593097,-2.0116327299639,0.569780908235244,7.84842030281308e-05,0.00242402773015647,LOC653786
ENSG00000103264,241.061690127829,-1.16835441103806,0.354743914054301,8.04812473184517e-05,0.00247167723351769,FBXO31
ENSG00000164442,356.850694137696,-1.73890302690776,0.556606972193474,8.04889812377992e-05,0.00247167723351769,CITED2
ENSG00000172572,34.3373421182533,1.62958561816326,0.672165173641359,8.22309642688853e-05,0.00251731617522354,PDE3A
ENSG00000173039,629.711641138165,-1.54060883574866,0.526910119774278,8.21411892576257e-05,0.00251731617522354,RELA
ENSG00000100439,103.532712751282,-1.21342595445518,0.367552178913589,8.38217145862557e-05,0.00255099007755255,ABHD4
ENSG00000241544,15.7007174241876,-3.25466986604926,0.958162630068001,8.38493487185787e-05,0.00255099007755255,LINC02029
ENSG00000177133,9.77674127597772,-2.19954124241965,0.904181699573857,8.43281917772316e-05,0.00256116175476824,LINC00982
ENSG00000231105,13.0605183276136,-1.96867363562485,0.628930296772572,8.44439127638989e-05,0.00256116175476824,LOC100506801
ENSG00000162302,36.7391513293989,1.42831477385907,0.415971709857165,8.57989867550848e-05,0.00259426613715375,RPS6KA4
ENSG00000187243,70.7456646335508,1.83266572977129,0.540137091159729,8.57748916656449e-05,0.00259426613715375,MAGED4B
ENSG00000134242,433.755595390606,-1.21960725303613,0.37741939962622,8.64676667504005e-05,0.00261047477348908,PTPN22
ENSG00000243317,405.291726907649,1.14818289091039,0.393638897259895,8.68805659041613e-05,0.00261892352106816,STMP1
ENSG00000205060,182.574427490796,1.13742102849293,0.313492601396585,8.73705633900106e-05,0.00262966692625225,SLC35B4
ENSG00000060656,345.025883731533,-1.06459100602105,0.341719386075291,8.92925070650733e-05,0.00268304961095956,PTPRU
ENSG00000131584,85.8422712945194,1.21389755126251,0.389117609831219,8.94733683213703e-05,0.00268304961095956,ACAP3
ENSG00000162627,94.7728561055901,1.1734203756029,0.346626243790283,8.96734659165294e-05,0.00268304961095956,SNX7
ENSG00000163430,3396.68396599591,1.57539620956209,0.430641862608426,8.96894251174248e-05,0.00268304961095956,FSTL1
ENSG00000120675,200.191716435697,1.03341469404125,0.312342738095061,8.99330374762096e-05,0.00268625479466117,DNAJC15
ENSG00000143457,259.588598340839,-1.19228333665388,0.340313822053021,9.15916946988882e-05,0.00272752030023134,GOLPH3L
ENSG00000125740,2099.63201173398,-2.83318982268818,0.956988077572713,9.18543513267327e-05,0.00272774604358859,FOSB
ENSG00000180917,70.725408202884,1.15704263477719,0.365527333439727,9.21032845333733e-05,0.00273036303125741,CMTR2
ENSG00000185483,45.2776433604753,1.74969814429936,0.504745109616195,9.33782167304713e-05,0.00275570737349715,ROR1
ENSG00000215217,21.7853808310796,-1.68871483719674,0.585706006151809,9.62199235038956e-05,0.00283108067899952,C5orf49
ENSG00000141570,8.61165819967438,2.42300345238774,1.14137592403678,9.78354301862437e-05,0.00287431732505376,CBX8
ENSG00000139438,50.2439489472464,-1.68939184227345,0.592676450373657,9.83006227429833e-05,0.00288368026538433,FAM222A
ENSG00000158747,937.989901127952,1.86562215524018,0.68324000829746,9.96891515564768e-05,0.00291747131518181,NBL1
ENSG00000175093,49.7799304465608,1.76229534010752,0.539020780964439,9.97489430561552e-05,0.00291747131518181,SPSB4
ENSG00000181751,7.59104372569158,2.38131555985109,0.90845264071713,0.000100330433109574,0.00293012499306953,C5orf30
ENSG00000213171,18.5068839888274,-1.85644011659384,0.722809842922754,0.000105109099494966,0.00306513705845764,LINGO4
ENSG00000176022,76.9182304773704,1.35791253693832,0.514549190770193,0.000105935870352515,0.00308467702961377,B3GALT6
ENSG00000185112,112.653959529961,-1.76372254136412,0.604989918526075,0.000107188295438248,0.00311653531374664,FAM43A
ENSG00000136881,10.6142733243329,-2.62093355569667,1.0529602765687,0.000109039196487597,0.00315636403479684,BAAT
ENSG00000170485,213.725475924709,-1.0870571143396,0.402101419789464,0.000109031344375165,0.00315636403479684,NPAS2
ENSG00000143228,6.49664693532932,2.99988046136481,0.899211467366064,0.000109682536933636,0.00317032460646358,NUF2
ENSG00000131844,493.666621927746,-1.27284190892446,0.406030869301834,0.000109868611578716,0.00317104655471472,MCCC2
ENSG00000126860,142.426285827471,1.34852689314925,0.395588693801905,0.000110192300506159,0.00317505579820616,EVI2A
ENSG00000173276,654.207969046989,-1.21529172331415,0.367581707733479,0.000110649511199096,0.00317505579820616,ZBTB21
ENSG00000187908,16.4652012923844,2.26398987113445,0.721361618306839,0.000110496989115721,0.00317505579820616,DMBT1
ENSG00000198805,232.296032669258,-1.9409578268138,0.658488128748105,0.00011065272696451,0.00317505579820616,PNP
ENSG00000183696,139.522830129663,-1.1621579880832,0.402044612595266,0.000112330151887448,0.0032184959385044,UPP1
ENSG00000134986,485.756071922267,1.4237959064205,0.487475940107179,0.000112528093700329,0.00321948109941466,NREP
ENSG00000179051,55.6072229710865,1.10366103695718,0.348491840466728,0.000116373298646181,0.00331024857016103,RCC2
ENSG00000262074,490.164649932851,-3.32108638144001,0.940917773566748,0.000116217273308032,0.00331024857016103,SNORD3B-2
ENSG00000281540,55.6072229710865,1.10366103695718,0.348491840466728,0.000116373298646181,0.00331024857016103,RCC2
ENSG00000125398,3869.91303596836,-1.48898687191389,0.543940297207222,0.000119844345843258,0.00339426777493338,SOX9
ENSG00000198932,960.820161400732,-1.06442015961565,0.310707086014953,0.000120037927831221,0.00339486576354849,GPRASP1
ENSG00000066735,60.1952173968268,-1.19194758302865,0.367072764645442,0.000120652188973185,0.00340246087069938,KIF26A
ENSG00000173080,20.0921790379719,-1.92855088798855,0.64873197910919,0.000121554063532132,0.00341810026652354,RXFP4
ENSG00000148362,31.540952544285,1.84579260115621,0.827562687007419,0.00012201009852363,0.00342602964242386,PAXX
ENSG00000155252,186.267795129184,-1.07939535614132,0.320465684031035,0.000122525603010199,0.00343560394537429,PI4K2A
ENSG00000136110,942.618290701586,2.66657393436554,0.976229726666097,0.000123848243987433,0.00346775083164813,CNMD
ENSG00000204469,18.9485670906199,-2.99755194849139,1.12574589129793,0.000124239748236168,0.00346884426139111,PRRC2A
ENSG00000213471,5.25862437892541,-2.05625522543572,0.862309208164235,0.000124540670068079,0.00347232089181313,TTLL13P
ENSG00000111231,95.3428146820904,-1.06787325307395,0.331029190708702,0.00012559079177171,0.00349664659863414,GPN3
ENSG00000177721,28.1875323829718,-1.11004163943216,0.348239538135469,0.000125844676560529,0.00349876640313199,ANXA2R
ENSG00000272695,27.3852867257029,-1.17357669432409,0.375821793268597,0.000127119131872187,0.00352921437485491,GAS6-AS2
ENSG00000106571,1890.3544971676,1.13209239974147,0.362714467466858,0.000127676492079057,0.00353471739814932,GLI3
ENSG00000261070,3.42290164184732,-2.60252883046153,0.881278058073223,0.00012756153714322,0.00353471739814932,LOC338694
ENSG00000012822,1099.97124066028,-1.34946787628264,0.423757311947879,0.000127866755356925,0.00353501293882825,CALCOCO1
ENSG00000197119,68.2876491265527,-1.29883223419514,0.414726970516791,0.000128562445820401,0.00354429017300949,SLC25A29
ENSG00000142173,8744.71695648391,1.17792919672457,0.352673904601552,0.000129860076317049,0.00357006388578881,COL6A2
ENSG00000196517,52.0706434149936,1.78828437389985,0.672869867402848,0.000129766596803795,0.00357006388578881,SLC6A9
ENSG00000154640,227.839990411702,-1.23927367429717,0.435736391051407,0.000131816256451655,0.00360370998888108,BTG3
ENSG00000144476,1178.35256842,-1.74613492444328,0.618737494573622,0.000132670177550372,0.00362202465312278,ACKR3
ENSG00000124172,217.817972580118,1.14418907676026,0.407513519323369,0.000133429690360647,0.00363268329883676,ATP5E
ENSG00000115514,121.755360542168,1.04572492215727,0.333183894820355,0.000137905362214555,0.00373902086753623,TXNDC9
ENSG00000171700,21.7163104841143,2.41296851705923,1.04843771551049,0.000140255902540514,0.00379752020028538,RGS19
ENSG00000154545,39.5610422633538,1.69766579537325,0.509008895293169,0.000142415103293043,0.00384540314570679,MAGED4
ENSG00000156313,174.32938331562,-1.76338878541045,0.637796667418449,0.000143482182396384,0.00386361597577348,RPGR
ENSG00000143878,1890.39351034455,-1.71296013135613,0.486443781687019,0.000144772251956642,0.00388901813743122,RHOB
ENSG00000151632,644.539853893021,1.57309392706579,0.62872605775632,0.000144915330599259,0.00388901813743122,AKR1C2
ENSG00000139219,97461.5618138048,2.60768065132851,0.827383880192286,0.000148106467722478,0.00393817198563466,COL2A1
ENSG00000164056,59.9669663653304,-1.47557731342667,0.528192773653998,0.000148251648107868,0.00393817198563466,SPRY1
ENSG00000246130,5.12505825065544,-2.93786665566773,1.10510351403548,0.000147409986001775,0.00393817198563466,LOC286059
ENSG00000165312,148.719861773006,-2.02414267465078,0.550405913632038,0.000150498652815239,0.00398174123926768,OTUD1
ENSG00000089737,851.635069441729,-1.02624692318818,0.309706999180274,0.000151450056974935,0.00400153412281158,DDX24
ENSG00000121749,521.288216706731,-1.12662843335852,0.334146304123154,0.000153123558520035,0.00402952423249782,TBC1D15
ENSG00000198176,136.655216275507,1.20563770815472,0.371855540716839,0.000152973233190097,0.00402952423249782,TFDP1
ENSG00000214140,79.3353670638928,-1.19701400271085,0.40937718635446,0.000153018993625281,0.00402952423249782,PRCD
ENSG00000169499,147.418321850953,-1.00955564895546,0.310299177385863,0.000153376565120673,0.00403079346840499,PLEKHA2
ENSG00000114023,571.654428817716,-1.21141317814398,0.338589336975287,0.000154000169867581,0.00403780070607409,FAM162A
ENSG00000164855,48.2149573871876,-1.14195168571533,0.403808378273287,0.000154053461200043,0.00403780070607409,TMEM184A
ENSG00000176383,24.739700164706,-1.16972270664615,0.370437495084881,0.000154876789331287,0.00405398234201737,B3GNT4
ENSG00000249306,26.7917478195843,1.89444981255205,0.672895269727684,0.000157697242312506,0.00411686010302304,LINC01411
ENSG00000160877,44.5038128347015,1.01017598233561,0.30198546276329,0.000159839708306564,0.0041617524051672,NACC1
ENSG00000170345,5883.52744314961,-1.94081002990341,0.74558214275738,0.000161145271195627,0.00418850027750471,FOS
ENSG00000106031,159.08988052424,-1.20062934203522,0.349293562734802,0.0001626691206661,0.00420788703598023,HOXA13
ENSG00000198075,76.2370765358865,-1.24778506628764,0.382891388310856,0.000165592333074156,0.00427105848093817,SULT1C4
ENSG00000167995,100.53905974999,-1.19497906510359,0.38352067028272,0.000166160604241867,0.00427543180901556,BEST1
ENSG00000007312,61.8349135149948,-1.46422355341774,0.520330881017954,0.000171588312953469,0.00440932683051709,CD79B
ENSG00000162598,17.3410629786106,-2.44786415502089,0.832122052442551,0.000171942100234553,0.00441172789151854,C1orf87
ENSG00000055483,329.442734495935,-1.07508604662469,0.352541149557743,0.000172935791654557,0.00442661654477022,USP36
ENSG00000147912,37.4616622384393,1.01197521662321,0.320189572333534,0.000173398475430382,0.00443269557191121,FBXO10
ENSG00000131791,269.337814422313,-1.00396512637463,0.280473782150538,0.000173630909342948,0.00443288044034577,PRKAB2
ENSG00000171428,13.221580244105,1.44591937051868,0.438651826980035,0.000174401942031586,0.00444679770330276,NAT1
ENSG00000100298,3.96768297753987,-2.90017005119404,1.18044936390436,0.000175403378142774,0.00446305764358609,APOBEC3H
ENSG00000101935,43.6664270958081,1.14063508763909,0.346049117681593,0.000175927930122969,0.00446834242134262,AMMECR1
ENSG00000101654,618.523216075988,-1.22136397777102,0.359814599124038,0.000177717176584293,0.00450797023696549,RNMT
ENSG00000153531,213.219129216926,-2.11709792655257,0.795227077522004,0.000180010776877544,0.00453691694245529,ADPRHL1
ENSG00000196843,114.371104241212,-1.32091561928344,0.560777568272023,0.00018027572786875,0.00453778443397503,ARID5A
ENSG00000159588,52.4487469832451,-1.36793993517696,0.431522555637567,0.000181370965015752,0.0045595224461942,CCDC17
ENSG00000179044,5.65562995839484,-1.99742643301254,0.835827647017832,0.000182148844343702,0.0045732370562008,EXOC3L1
ENSG00000179604,345.722093873369,-1.36946066360791,0.555982726460117,0.000184667676625772,0.00461042060092706,CDC42EP4
ENSG00000123342,36.0000421760041,2.51140032506536,0.957538483417034,0.00018514335750038,0.00461311626460441,MMP19
ENSG00000111348,113.420902033787,1.53430851125474,0.566209075442787,0.000185612055715033,0.00461894779354577,ARHGDIB
ENSG00000109771,225.56643762124,-1.11436110555611,0.313775285908444,0.000185971316562297,0.00462204469092457,LRP2BP
ENSG00000107518,111.933388437439,2.52216012588148,0.730770811552342,0.00018678986072514,0.00463653419736906,ATRNL1
ENSG00000204070,140.833732722545,-1.05958604533941,0.321583363961731,0.000190102198259566,0.00471281066818803,SYS1
ENSG00000135407,95.6688718270813,1.071350272913,0.33146984317456,0.000191560142224039,0.00474298093023645,AVIL
ENSG00000157870,12.0864411934239,1.6903798165655,0.660431438275193,0.000193188495777638,0.00477129529596867,FAM213B
ENSG00000275125,12.0864411934239,1.6903798165655,0.660431438275193,0.000193188495777638,0.00477129529596867,FAM213B
ENSG00000186564,231.093141452526,-1.19894589930652,0.448210393617463,0.000193636660450708,0.00477637095778413,FOXD2
ENSG00000111817,1221.55963076528,-1.44593315760014,0.467093709508043,0.000194398275375925,0.00478915601063792,DSE
ENSG00000214617,19.5619938700757,-2.02187863620083,1.33945166896457,0.000194915996897547,0.00479590810366413,SLC6A10P
ENSG00000253438,65.5039476928874,-1.19902989445857,0.434504093901098,0.000196455703575977,0.0048277578891255,PCAT1
ENSG00000275873,5.81149772845509,-2.76083051801582,1.04716063569948,0.000198699192165856,0.00485862720322075,LMNTD2
ENSG00000119714,33.6220187830541,1.52055219270817,0.786107217285669,0.000200544367970431,0.00489766171107937,GPR68
ENSG00000163884,541.678739208505,-1.67188391618497,0.61271582216989,0.000202791991156726,0.00494029400238737,KLF15
ENSG00000275549,30.1024001212022,-1.90426018005988,0.796075991697826,0.000203380577715288,0.00494850839523823,STPG3-AS1
ENSG00000118946,28.1413640180351,-2.00287724234988,0.832675675490335,0.000204293202780816,0.00495845549141502,PCDH17
ENSG00000006704,201.188064577745,-1.06827329215496,0.383353493913463,0.000208780200395482,0.0050424901405947,GTF2IRD1
ENSG00000133805,155.800005802976,-1.20902560281335,0.442162617017055,0.000208465972363987,0.0050424901405947,AMPD3
ENSG00000166796,13.8366694851363,-1.72407008591953,0.603237335012121,0.000208754035400385,0.0050424901405947,LDHC
ENSG00000128606,40.2633796445396,1.91059624234587,0.492631655167552,0.000209549514959249,0.00504868133715771,LRRC17
ENSG00000166073,37.1245918636664,1.96569929187026,0.685589785793003,0.000209309280390321,0.00504868133715771,GPR176
ENSG00000130821,496.75948783259,-1.19742627047598,0.412865880466846,0.000211362201655549,0.00508612906771128,SLC6A8
ENSG00000224977,4.55017959616423,-2.77145708380228,0.860372674493909,0.000212692778587278,0.00510566421184387,LOC105371620
ENSG00000101230,1202.06834568934,1.30960836821567,0.522386715601801,0.000213662729023757,0.0051227005579825,ISM1
ENSG00000139734,22.3320195075431,1.85029698364233,0.5924359240901,0.000214982494183273,0.00514181702977344,DIAPH3
ENSG00000266094,86.3738370060481,-1.21185143082714,0.44567338768988,0.000214934454459908,0.00514181702977344,RASSF5
ENSG00000146278,1984.76799856328,-1.49674336335369,0.516284344990569,0.000215578995028213,0.00514982638123222,PNRC1
ENSG00000164509,14.2888742628249,1.74886224262116,0.60633353302737,0.000216115758051447,0.00515639100786022,IL31RA
ENSG00000152256,2107.29941336578,-1.36331448175671,0.397391467291859,0.000219262427848906,0.00522513514500951,PDK1
ENSG00000205838,24.3960519972239,-1.14893589225061,0.366651986320364,0.000220596516621293,0.00524422926711778,TTC23L
ENSG00000113494,50.5882049748305,-2.68232530715395,1.06914056886154,0.000220975245008139,0.005246895926104,PRLR
ENSG00000164694,404.369267176682,2.09641225250859,0.977501920696582,0.000221860192863543,0.00526156148954937,FNDC1
ENSG00000196586,312.547445835754,1.00367840710555,0.312000935336143,0.000223346474049663,0.00528793409808451,MYO6
ENSG00000281881,11.5072848737142,-1.68844357049985,0.617062739579158,0.000223509508718061,0.00528793409808451,SPRY4-IT1
ENSG00000029153,118.593478798904,1.34523569778936,0.427077017558127,0.000224412523463069,0.00530292450401806,ARNTL2
ENSG00000155719,18.181651080313,-1.8297096626124,0.706031056728507,0.000225389884504784,0.00531963367696902,OTOA
ENSG00000013016,139.688761299284,1.21481060653242,0.427707690768513,0.000227806511364192,0.00535739948589337,EHD3
ENSG00000122691,38.9115900972877,1.75972365251709,0.752309256602604,0.000229634823399431,0.00538752307961191,TWIST1
ENSG00000185340,63.3399321606218,1.60740652463465,0.725873761614687,0.000230204965117804,0.00539446968259388,GAS2L1
ENSG00000183785,22.0307057641523,-1.79878833757001,0.673009618976724,0.000234561010842787,0.00547698569090085,TUBA8
ENSG00000177191,8.91645352320847,-1.74060546496982,0.607596986693729,0.00023798390290957,0.00554392271545307,B3GNT8
ENSG00000225190,115.58673230878,-1.34610098063411,0.480008737794231,0.000238272638552799,0.00554392271545307,PLEKHM1
ENSG00000276358,115.58673230878,-1.34610098063411,0.480008737794231,0.000238272638552799,0.00554392271545307,PLEKHM1
ENSG00000072182,19.9499152551725,-1.11467139762864,0.4058915069579,0.00023973717162184,0.00555828796961637,ASIC4
ENSG00000063660,134.337689497503,1.10854339894888,0.392882308220142,0.00024015838644926,0.00556150315160851,GPC1
ENSG00000122035,14.6795934065423,-1.91259109106362,0.628982272357639,0.000241635159710775,0.00557602166910538,RASL11A
ENSG00000160712,457.159781857542,-1.75281994023658,0.551388815353496,0.000241616692607207,0.00557602166910538,IL6R
ENSG00000183454,67.1449192374439,1.58127114617534,0.692451987632237,0.000242011072366395,0.00557815684831396,GRIN2A
ENSG00000173918,111.471843378365,1.70987027590511,0.777896110363666,0.000243901406555639,0.00560859262458084,C1QTNF1
ENSG00000264741,3.60251834500253,-3.02888645268688,0.953286097455609,0.000246410604351447,0.00565968067217489,MIR4505
ENSG00000267532,124.256095622194,1.17318904239715,0.485783924700601,0.000248381279542279,0.00569829499593267,MIR497HG
ENSG00000159650,34.9871898857125,2.19841998507851,0.705843695898643,0.000248744333349887,0.00569998074232734,UROC1
ENSG00000248279,2.97541254373573,4.10218660200143,1.65887613309914,0.000250302795125933,0.00572902351076613,LINC02120
ENSG00000145882,48.2321968003307,1.29925365654077,0.459956831627478,0.000250806210902546,0.005733878577707,PCYOX1L
ENSG00000164920,98.7684300844695,-1.30178859082957,0.490360848235342,0.000251728193002536,0.00574828045366811,OSR2
ENSG00000170222,66.7745528094664,-1.06295396136874,0.346520705971581,0.00025218192359828,0.00575196869537491,ADPRM
ENSG00000168461,180.078356892008,1.86010091693705,0.578599149463386,0.000253985506875623,0.00577303777983807,RAB31
ENSG00000114251,14.1874952197437,3.60897475733594,1.1695657357659,0.000255044723689527,0.00579042715236983,WNT5A
ENSG00000170382,46.1640633142562,1.19923102006237,0.467959911987179,0.0002553436256345,0.00579053447809851,LRRN2
ENSG00000136842,214.818095577279,-2.68451129626422,0.872174121203338,0.000256907205195794,0.00580923519687204,TMOD1
ENSG00000091136,192.960524880388,2.45199272231956,0.876978947175349,0.000258353481893663,0.00583191506604916,LAMB1
ENSG00000196460,5.56343678906657,3.17857588859414,1.37723987415951,0.000258952401398873,0.00583873891080803,RFX8
ENSG00000180891,73.4805767995713,1.16284697945923,0.439683350327607,0.000259998196647435,0.00585561155927701,CUEDC1
ENSG00000217801,22.7826581888391,-1.13350961604072,0.379135717492595,0.000262180372750763,0.00589127677765528,LOC100288175
ENSG00000182022,244.542523629615,-1.20265064362846,0.389348118608524,0.000262602401809949,0.0058940315589818,CHST15
ENSG00000164825,74.9507925378857,-3.33903652123175,1.95613939265248,0.000266431598773448,0.00595959044347335,DEFB1
ENSG00000171502,53.6446277196559,1.80208753260879,0.75445389604218,0.000266844847670018,0.00596205900287927,COL24A1
ENSG00000275553,3.66023856452592,3.92300543070193,1.48968538068377,0.000268583251130225,0.00599409604903327,ELOA3C
ENSG00000122786,1603.09277571311,1.09919908990263,0.441722394339556,0.000269806054821383,0.0060145666852821,CALD1
ENSG00000112984,13.12314206393,2.3743678639258,0.757445261429001,0.000271662834587129,0.00604227258306558,KIF20A
ENSG00000251072,3.05502476293459,-3.45406381232549,1.25728941640662,0.000273995644399486,0.0060707726468591,LMNB1-DT
ENSG00000275031,155.731642626977,-1.43024554801667,0.560577800082893,0.000274177854250038,0.0060707726468591,METRNL
ENSG00000106809,13705.5930412806,1.95605511402003,0.648737508172739,0.000275457049427502,0.00609224332688871,OGN
ENSG00000120278,53.4153983159952,1.57320614224343,0.503681052294931,0.000279185819257943,0.00615776951727646,PLEKHG1
ENSG00000207205,5.02559907281496,-3.15534531922493,0.948769842295803,0.000279358269606171,0.00615776951727646,RNVU1-15
ENSG00000171189,6.37656828848905,2.43266894163741,1.00129541286891,0.000280678238644335,0.00617303960835205,GRIK1
ENSG00000185262,207.908684787187,-1.85130403429256,0.939338767764583,0.000281156959107929,0.00617666694540233,UBALD2
ENSG00000185760,445.752612397672,1.19252108597276,0.391780278161951,0.000282607581947522,0.00620161387185621,KCNQ5
ENSG00000282147,51.4027171859719,-1.86095390592134,0.763847285081262,0.000284004855451033,0.00622533582928522,FAM20C
ENSG00000257913,9.99075290559224,-1.23458116915031,0.417074837216456,0.00028464503926116,0.0062324282011309,DDN-AS1
ENSG00000118307,16.584610085455,-1.03290263444548,0.37349659210248,0.000286811047995134,0.0062728762985958,CASC1
ENSG00000160200,206.59344226385,-1.53575313416302,0.619567463051943,0.000290497503117113,0.00634645155533546,CBS
ENSG00000099785,47.9658360884073,1.2209732861682,0.509194794240275,0.000292153462219055,0.00637555293827038,MARCH2
ENSG00000124827,5.76401671356976,-2.00802712691686,0.71253661753734,0.000293586124107021,0.0063926429943834,GCM2
ENSG00000101255,26.4465431392872,-1.91488290024615,0.637105667324596,0.000294306576376996,0.00640124933635888,TRIB3
ENSG00000070614,123.286352045547,1.03433968488999,0.330939108779817,0.000296833086493338,0.00642674534900711,NDST1
ENSG00000165006,360.69651133613,-1.05744053672718,0.381061551068207,0.000296377793076725,0.00642674534900711,UBAP1
ENSG00000240583,646.076496046638,2.26810074793028,0.81050101133594,0.000297111271469034,0.00642674534900711,AQP1
ENSG00000117298,252.827885973978,-1.02339070751171,0.354791894637593,0.000299392527566434,0.00646898190188549,ECE1
ENSG00000197415,14.210498492675,1.41460049247644,0.519619613855582,0.000307698067891983,0.00663387597851675,VEPH1
ENSG00000123159,60.1136509902666,1.03663995006076,0.357888403151568,0.000310847571055828,0.00668712960509609,GIPC1
ENSG00000121281,78.6038344098821,1.7098693811959,0.546531901556442,0.00031268812667113,0.00671877378917178,ADCY7
ENSG00000101782,531.190736925473,-1.153665981129,0.354673756050789,0.000314091389469763,0.00672259112343218,RIOK3
ENSG00000114268,184.577431013344,-1.94419767211391,0.605080003486744,0.000314203608695265,0.00672259112343218,PFKFB4
ENSG00000102935,37.8815194308106,1.33177093625507,0.590687828680507,0.000319324678556962,0.00680258330380438,ZNF423
ENSG00000092054,11.4224919876518,-5.78366604239535,1.84244770927271,0.000320020778353495,0.00681004216336237,MYH7
ENSG00000099282,6.02176790366828,2.29096341766778,0.755576172931269,0.000321070845428011,0.00682500920238117,TSPAN15
ENSG00000146386,24.0692290867153,1.41787943196228,0.444597426102342,0.000322359235019932,0.00683941050456654,ABRACL
ENSG00000106333,1484.66158395782,1.59578419297439,0.780654525988921,0.000328364565794495,0.00695751142421835,PCOLCE
ENSG00000197930,466.437913691651,-1.1289500306414,0.348945202861602,0.000331512120095682,0.00699408850156848,ERO1A
ENSG00000205250,156.299892402678,1.09686028423979,0.476377403579521,0.000330832719385683,0.00699408850156848,E2F4
ENSG00000167302,37.602450686643,1.22792127502181,0.470425355862529,0.000334123673399047,0.00704163853017864,TEPSIN
ENSG00000236866,2.70096528708144,-2.45499879702864,0.959204231875265,0.000338589871323723,0.00712813157982477,LOC100996263
ENSG00000265778,6.52425434802322,-1.60356920761393,0.56351372807038,0.000339746532535295,0.00713721531101893,LOC101927989
ENSG00000151725,7.73867328259602,2.23299468510127,0.746886386885465,0.000345066663467072,0.00721816387214224,CENPU
ENSG00000092929,68.6897627985544,-1.10692487999302,0.390866130556696,0.000349635505360428,0.00729049288931639,UNC13D
ENSG00000281766,288.789432899341,-1.14407203983105,0.368141830288117,0.000353656505157352,0.00736653401853685,RYBP
ENSG00000137812,41.2811607058806,1.34809036808116,0.426077745823437,0.000355849075702169,0.00740436913966332,KNL1
ENSG00000165695,6.4098544940158,-1.46265966733593,0.511852750209913,0.000357731199269093,0.00742782798144813,AK8
ENSG00000205542,408.562243390785,2.09378068586871,0.697311888580089,0.000360937953380074,0.00747863439403513,TMSB4X
ENSG00000155657,1728.67670140522,-2.11587778674039,0.56750785013943,0.000367429694819754,0.00757157390885034,TTN
ENSG00000283676,3.47686175214091,-3.67075853546373,0.969960025021097,0.000369341730132198,0.00759518856793138,MIR5087
ENSG00000111186,46.0670018253851,1.26970662150348,0.496488434982461,0.000370224750037471,0.00759906567230195,WNT5B
ENSG00000188396,13.3328584108445,-1.87576589964362,0.747660590835539,0.000377264777722044,0.00771941775954336,TCTEX1D4
ENSG00000164849,39.3216071779977,-1.62067486447054,0.68427132535247,0.00038278869629022,0.00780809605987221,GPR146
ENSG00000134480,417.847677977692,-1.18575222995628,0.38062172829091,0.000383194409380269,0.0078082802838936,CCNH
ENSG00000156006,9.72041820655436,1.94767636948402,0.898900109419224,0.000384294838494239,0.00781760628613765,NAT2
ENSG00000105472,137.372378663748,1.65982290857577,0.83838708053977,0.000390087968737057,0.00789968269199611,CLEC11A
ENSG00000231473,8.71504947909628,-1.44410446111543,0.546215802847894,0.000394854069015701,0.0079715974302616,LINC00441
ENSG00000174599,18.4744419036456,1.47491578355865,0.488461103634561,0.000396238646181989,0.00799135400762937,TRAM1L1
ENSG00000254473,37.4855163138029,-1.27808568872273,0.441277969732167,0.000398381236342363,0.00802634212503898,LOC105376114
ENSG00000101825,2098.8903731027,2.24612423835291,0.859789007361779,0.000401070975323875,0.00805579701864812,MXRA5
ENSG00000149599,9.28338281433265,-1.22367125063669,0.461930510699627,0.000400595298095102,0.00805579701864812,DUSP15
ENSG00000161800,42.6884631074118,1.13191696557297,0.355524541047504,0.000400875775155917,0.00805579701864812,RACGAP1
ENSG00000099953,8.62058772446128,2.42932625495282,0.817748873214293,0.0004120122521335,0.00820855179250589,MMP11
ENSG00000275365,8.62058772446128,2.42932625495282,0.817748873214293,0.0004120122521335,0.00820855179250589,MMP11
ENSG00000215190,60.330586763049,1.05788812356637,0.378734524536973,0.000416878452641829,0.00828297183316554,GUSBP1
ENSG00000135052,1192.30507928289,1.12368917642463,0.420899810523181,0.000420245294365462,0.0083185737159422,GOLM1
ENSG00000278272,3.64546468702225,4.02199393341552,1.35333703655292,0.000423241514924413,0.00836454415639773,HIST1H3C
ENSG00000115875,761.756325629697,-1.08395272763595,0.355587100839864,0.000425080092287516,0.00839245389828232,SRSF7
ENSG00000087245,1043.07875585853,2.06317525147712,0.985585851717124,0.000432246470553973,0.00850833952638441,MMP2
ENSG00000121101,23.1360652787022,-1.16504321322464,0.400171822418397,0.00043312402242836,0.00850859606534915,TEX14
ENSG00000172965,75.5841730573387,1.16912017200042,0.429346076608181,0.000432817980367577,0.00850859606534915,CYTOR
ENSG00000279968,4.36070122491369,1.96873651754246,0.828188776555065,0.000434111461195286,0.00851949152758526,GVQW2
ENSG00000041357,244.045022844053,1.01611187942156,0.384205977880779,0.000441409686217643,0.00862882498899733,PSMA4
ENSG00000237021,9.68316079759887,-2.30040636221343,0.800066906520829,0.000442004954173094,0.00863137452176902,DSE
ENSG00000110900,118.586142762588,1.26447688946095,0.505137268436692,0.000446133746018032,0.00869474916496926,TSPAN11
ENSG00000118689,2396.35921002937,-1.22344026226815,0.445520193846041,0.000448387196161074,0.00873002331279385,FOXO3
ENSG00000112562,5865.89852310324,1.68399763719793,0.654622114788095,0.000449478217905608,0.00873398740498914,SMOC2
ENSG00000204291,2924.38492771197,1.53227681631833,0.532463977123412,0.000449190749394588,0.00873398740498914,COL15A1
ENSG00000006016,466.849653271408,1.7445419106082,0.83212185673481,0.000456892752673355,0.00885184738545503,CRLF1
ENSG00000140092,77.2089998395704,1.53352297205694,0.819691314488605,0.000461973308666265,0.00894147749044912,FBLN5
ENSG00000134871,211.169071239137,1.99868130863579,0.731951169484017,0.000465269353900211,0.00899179331575107,COL4A2
ENSG00000181016,20.9415320853482,-1.41463179594653,0.604151348652196,0.000465486557038729,0.00899179331575107,LSMEM1
ENSG00000188770,26.5241942492502,-1.69626501857702,0.617892243497033,0.000476759616602716,0.00919151448894011,OPTC
ENSG00000095209,96.4209006549717,-1.04171248567732,0.379210727990754,0.000480738477166124,0.009223056710076,TMEM38B
ENSG00000130720,4.93896901103721,-2.44965676386018,0.881056836747618,0.000483935184348416,0.00926342128005947,FIBCD1
ENSG00000185022,691.592547256362,-1.44590342423232,0.779926286273869,0.000483589470057976,0.00926342128005947,MAFF
ENSG00000099256,39.8559829971692,1.04408316632954,0.344722553535644,0.000486085650515083,0.00927142436505707,PRTFDC1
ENSG00000169908,434.899725115825,1.35858078627936,0.616599901022956,0.0004876237271086,0.00929175744860181,TM4SF1
ENSG00000275538,12.25981765912,-3.13720150982668,1.08265234511443,0.000494565912911578,0.00940583133309324,RNVU1-19
ENSG00000128641,526.384295584412,1.07717053710798,0.358172494149061,0.00049729415262562,0.009439477435181,MYO1B
ENSG00000182257,123.0397114662,-1.58185967877744,0.528334596399284,0.00049691747441336,0.009439477435181,PRR34
ENSG00000225859,58.140355951577,-1.73459256469936,0.596900996455267,0.000498502611687745,0.00945330000815181,DDX39B
ENSG00000106991,232.341870273068,1.42683776943847,0.690210423901216,0.000499777602587347,0.00945856611921599,ENG
ENSG00000133794,186.419073324383,-1.38752564752901,0.51224321881978,0.000500221872084121,0.00945856611921599,ARNTL
ENSG00000169679,10.0185526884902,2.54501706493861,0.862839753799679,0.000500151155318882,0.00945856611921599,BUB1
ENSG00000196421,17.4821990842284,-1.36421361374962,0.536035285245762,0.000503537013077131,0.00951211378638219,C20orf204
ENSG00000168081,9.40524029138278,-1.84193056631824,0.685125232262325,0.000504092427606596,0.00951347588207885,PNOC
ENSG00000173801,103.124727972611,-1.47323482135297,0.610990998672761,0.000506121756569999,0.00953349345102761,JUP
ENSG00000174236,12.4360243063649,1.77009419432321,0.769500912550851,0.000513497869650572,0.00963555011077393,REP15
ENSG00000166200,642.163591135944,-1.01234888434796,0.3174596370052,0.000516813808621624,0.00967931780105428,COPS2
ENSG00000160999,10.9402465857954,-1.43442645045464,0.601841070603258,0.000522251859932655,0.00974408114778613,SH2B2
ENSG00000185338,6.20687622089733,-2.52671390069825,0.820334205773004,0.000523273197631271,0.00975389168766472,SOCS1
ENSG00000125877,48.7430796702401,1.12963773459558,0.439976346232393,0.000524014322033935,0.00975846538781076,ITPA
ENSG00000130787,184.245679353784,-1.12601286488388,0.440397221340494,0.000527545445675161,0.00979852431497562,HIP1R
ENSG00000187815,24.826631475266,1.19266849489093,0.40296241178679,0.000527658797697326,0.00979852431497562,ZFP69
ENSG00000131969,77.1669768053533,-1.06405038347501,0.367685494238298,0.000530494871905432,0.00984190486200426,ABHD12B
ENSG00000144120,10.8648149946758,1.11845532612706,0.409511535156549,0.000531420500422657,0.0098497939080222,TMEM177
ENSG00000185052,8.11753295607146,2.31908091592224,1.09320482975889,0.000532696822099921,0.00986416203783146,SLC24A3
ENSG00000104783,52.1792082260772,1.45087637080567,1.30606820540884,0.000536239538967646,0.00992043147090145,KCNN4
ENSG00000165474,16.5951998226388,2.96680655891819,1.53396870050869,0.000536927235504769,0.00992382695180833,GJB2
ENSG00000119699,243.761249748509,1.20946968828343,0.417269592165166,0.000545142888947758,0.0100237649656044,TGFB3
ENSG00000261359,5.86581638274982,-1.93495186566351,0.92639440441516,0.000545899006458437,0.0100237649656044,PYCARD-AS1
ENSG00000204706,59.6451877556698,1.39993328303953,0.464978815004854,0.00055067969048311,0.0101021239771384,MAMDC2-AS1
ENSG00000167964,12.4107410300411,-1.0337344231876,0.374577990962298,0.000555560315969956,0.0101726969856303,RAB26
ENSG00000234807,4.0663805317207,-1.66502984786203,0.631463508208477,0.000558385134592403,0.0102054345304706,LINC01135
ENSG00000150630,11.3286145454031,2.42672476205737,0.845585539910994,0.000564151894646328,0.0103012670632823,VEGFC
ENSG00000231742,7.66603937543285,-1.13333898092991,0.422774150561487,0.000565906457543312,0.0103144893978614,LINC01273
ENSG00000197147,30.9117771052031,1.01723323064111,0.357186195207646,0.000571949753455004,0.0103954376241997,LRRC8B
ENSG00000135919,1378.77363267978,1.56791337948548,1.09986283132324,0.000575448943736469,0.010430144575054,SERPINE2
ENSG00000165915,260.52381308686,1.07976164350641,0.466834942622631,0.000574437771555158,0.010430144575054,SLC39A13
ENSG00000100271,17.7523056276022,1.06251173661257,0.35963890453957,0.000577751375158818,0.0104622429334187,TTLL1
ENSG00000121904,333.255483989505,1.24044624045098,0.459945545928322,0.000582433515131256,0.0105373357645622,CSMD2
ENSG00000115705,24.3239189812801,1.55897494939023,0.591078483367167,0.000583741147767626,0.010541615369411,TPO
ENSG00000168546,103.474635111855,1.92745068399779,0.775132190306397,0.000584759620808007,0.0105503284839457,GFRA2
ENSG00000155367,24.9874926699484,-1.24271926629114,0.491461370002543,0.000588852197699324,0.0105950335096101,PPM1J
ENSG00000117479,118.468120276383,-1.39902168163102,0.492489193929545,0.00059022110242275,0.0106099654612689,SLC19A2
ENSG00000198729,90.6819353750831,1.74420821100676,0.637756994295655,0.000594242988711067,0.0106725173264495,PPP1R14C
ENSG00000127863,45.1343187151677,1.45846595709289,0.609552772190907,0.000595777921590613,0.0106903305456606,TNFRSF19
ENSG00000165757,468.262854650775,-1.39917658802141,0.517213215452118,0.000598796051812826,0.0107249331063546,JCAD
ENSG00000178917,13.880158168904,1.17708231894269,0.444057438798146,0.000605068337532674,0.0107979738494951,ZNF852
ENSG00000258947,18.4997949489767,1.97954745468668,0.699648535698637,0.000604623062226567,0.0107979738494951,TUBB3
ENSG00000281626,13.880158168904,1.17708231894269,0.444057438798146,0.000605068337532674,0.0107979738494951,ZNF852
ENSG00000226835,3.52881150347464,-2.00853094242238,0.776002544648636,0.000627479166374439,0.0111240701242602,LOC107985092
ENSG00000187017,11.6844618125442,-2.14545200520629,1.18147118355249,0.000629021749670078,0.0111345900364261,ESPN
ENSG00000167470,326.412876298115,-1.12607789695033,0.525622014807643,0.000632333861154381,0.0111678032660166,MIDN
ENSG00000237070,19.3533918308713,2.15566705194826,1.11931974453475,0.000632600113879726,0.0111678032660166,LOC105375166
ENSG00000019505,64.2267854780439,1.73436429249229,0.998505003202734,0.000637725850661989,0.0112180479396163,SYT13
ENSG00000115414,478414.341475896,1.15174340210815,0.455908339352054,0.000637326006479773,0.0112180479396163,FN1
ENSG00000115758,193.100271050956,-1.03374034719432,0.346269763567779,0.000637557955803402,0.0112180479396163,ODC1
ENSG00000237222,6.57988905117776,-1.71398458207418,0.972222763645811,0.000637455784020675,0.0112180479396163,LINC01968
ENSG00000129038,87.5638463476528,1.48605985315421,0.653949707795799,0.00063839440246409,0.0112197816233064,LOXL1
ENSG00000124749,51.2199859073718,1.71924894704644,0.646332867644952,0.000640632262901861,0.0112290342501872,COL21A1
ENSG00000152931,537.168631084305,1.55491205875852,0.737215071207468,0.000646874931071463,0.0113283684548138,PART1
ENSG00000140937,254.421699205369,1.80751586134608,0.747264059388737,0.000653356020412608,0.0114081284825824,CDH11
ENSG00000084734,29.221574010392,-1.04894046370695,0.417002632293397,0.000659500039380288,0.0114521510375396,GCKR
ENSG00000141551,772.065438933926,-1.10855928736712,0.49387973349386,0.000659815682204895,0.0114521510375396,CSNK1D
ENSG00000196923,132.688638588078,1.3491288216323,0.665281963459664,0.000663867004992856,0.0114930150626908,PDLIM7
ENSG00000138778,24.9865785033314,1.80662605778405,0.613989848830505,0.00066607759976703,0.0115110372904427,CENPE
ENSG00000187193,6986.65023078222,-2.02800812442361,1.01648543821201,0.000665639558073057,0.0115110372904427,MT1X
ENSG00000123892,43.2988113825078,2.07960763417055,0.629791354934247,0.000669153563923853,0.0115540515370852,RAB38
ENSG00000163746,10.1545563276648,-2.5760722744826,0.990514651502925,0.000673204662071088,0.0116036432296036,PLSCR2
ENSG00000179094,2417.78553638008,-1.49261494477522,0.775454594256964,0.000678657457472626,0.0116873957943055,PER1
ENSG00000114529,44.2475832155826,1.81995339574437,0.654430480022552,0.000682392820989865,0.0117209601120109,C3orf52
ENSG00000172409,16.5027009337839,1.16396162593552,0.444647064325297,0.000682007438915442,0.0117209601120109,CLP1
ENSG00000278899,8.26798049430502,-1.21251471960892,0.613661047883191,0.000683101139175425,0.011722896969075,LOC645967
ENSG00000115993,351.167310259591,1.29276538487085,0.46136193794301,0.000687053577657889,0.0117702024565865,TRAK2
ENSG00000114854,9.87192891226977,-2.06495469866849,0.894062294619656,0.000688136319584269,0.0117785002736494,TNNC1
ENSG00000049540,210.023562636822,1.27657213146993,0.545550726870161,0.000691949500123276,0.0117924969354343,ELN
ENSG00000074410,46.2239778675257,2.35862801472972,1.15903522967429,0.000690414548699095,0.0117924969354343,CA12
ENSG00000256043,117.984876481181,1.03274326971293,0.368937991558327,0.000691747925930205,0.0117924969354343,CTSO
ENSG00000263238,117.984876481181,1.03274326971293,0.368937991558327,0.000691747925930205,0.0117924969354343,CTSO
ENSG00000143318,5.98547176065534,-2.09368900037072,0.8034679321949,0.000694442952490546,0.0118247535266643,CASQ1
ENSG00000250116,42.0135749363407,-1.65213731391653,0.691348358626017,0.000696937874569526,0.0118569793630307,LOC100506142
ENSG00000232527,13.1946277417887,1.78027926030214,1.29611008362692,0.000704758164667426,0.0119487163766698,LOC645166
ENSG00000228294,4.5482493185481,-3.92204587097922,2.52961835821929,0.000706447284025834,0.0119567569550856,BMS1P17
ENSG00000274267,6.63698658664437,4.4111762464542,1.33981485097654,0.000716112330926604,0.012109927080721,HIST1H3B
ENSG00000078295,851.867267175298,-1.05168661604992,0.389075765338705,0.000718411180090508,0.0121279636954559,ADCY2
ENSG00000134200,14.5141223188159,2.04829708302023,0.785855818930492,0.000717998450355202,0.0121279636954559,TSHB
ENSG00000169116,946.108753199676,-1.50325057607766,0.665656136134695,0.000719104219436448,0.0121292608872211,PARM1
ENSG00000204136,88.3667474703673,-1.35927102031103,0.527844862248245,0.000721013638954541,0.0121510551962168,GGTA1P
ENSG00000151746,112.619170662106,1.08989652968499,0.425364775797078,0.000728826173153474,0.0122332672114375,BICD1
ENSG00000154478,10.7176371054725,-1.49257653422184,0.747294621890748,0.000728999311065647,0.0122332672114375,GPR26
ENSG00000173926,131.255044506061,-1.34518256116364,0.857406583096869,0.000728647604675764,0.0122332672114375,MARCH3
ENSG00000274026,50.0051072583475,-1.40905216324427,1.12633084122914,0.000727719804697533,0.0122332672114375,FAM27E3
ENSG00000140332,444.586215052542,-1.0219636103378,0.47194218261687,0.000739620874194868,0.0123903806703419,TLE3
ENSG00000127920,164.008039445911,1.41272724835904,0.784464625489659,0.000741512326550888,0.0124115039420303,GNG11
ENSG00000083814,10.0830053407559,1.16507905027407,0.451046237893579,0.000742495760606915,0.0124174057364371,ZNF671
ENSG00000213977,114.304312732357,1.396663192638,0.805174858003639,0.00074688141660257,0.0124695621750678,TAX1BP3
ENSG00000169738,297.72106227836,-1.88910217653168,0.981726241692639,0.000748678961005008,0.0124889802274768,DCXR
ENSG00000128016,1354.92285977161,-1.59594011013122,0.962681344369475,0.000751975954270719,0.0125227535396488,ZFP36
ENSG00000225194,23.7737656422042,-1.03977946656103,0.365011064344829,0.000754548571043456,0.0125443699935975,LINC00092
ENSG00000238098,32.1125198792812,-1.09142799145324,0.416383780650469,0.000754290262376737,0.0125443699935975,ABCA17P
ENSG00000187498,122.424452749129,1.91253398157727,0.705153226846393,0.000760592615012221,0.0125916779090837,COL4A1
ENSG00000187957,264.010546387055,1.87654304489514,1.12952441682153,0.00075996960364862,0.0125916779090837,DNER
ENSG00000188730,54.138182479977,1.17519873095917,0.424042228651927,0.000760042840137367,0.0125916779090837,VWC2
ENSG00000119630,90.6526544584957,-1.12113369132575,0.442487652565899,0.000762318657020549,0.0125990599872313,PGF
ENSG00000277401,127.545459066119,1.40087569848661,0.673683082939169,0.00078661213899012,0.0129353996189486,TJP1
ENSG00000109193,10.0584921623441,3.15590022117727,1.32488114290264,0.000797422598336446,0.0130694974401787,SULT1E1
ENSG00000179954,394.46894831727,1.39012951996965,1.80179841220046,0.000804833910391372,0.0131690363193215,SSC5D
ENSG00000162771,3.08870787985368,-2.86358166075113,1.19927028831278,0.000812783076454977,0.01325503071826,FAM71A
ENSG00000130822,8.42241248256787,-1.54460696719228,1.35493569868307,0.000817846454128955,0.0133265642409556,PNCK
ENSG00000230523,6.46996799360465,-1.62546913619051,0.636798344524607,0.00082052354415535,0.0133591277445442,LINC01756
ENSG00000229433,15.4258770607704,-1.09705669876966,0.437830194848562,0.000824146542805917,0.0133959542102326,LINC02069
ENSG00000233806,10.316428361249,-1.4156779958423,0.516480898775474,0.000836406047869442,0.0135728084470421,LINC01237
ENSG00000187479,572.361342011195,-2.76470430999666,1.09551401348915,0.000839022102389944,0.0135833681851898,C11orf96
ENSG00000282005,5.7171550866367,-2.4837358589005,1.49106468965947,0.000841005465342198,0.0136025896300705,LOC692247
ENSG00000121297,52.9377127760744,1.19603372914002,0.482229950477083,0.000841868917171843,0.0136053758338346,TSHZ3
ENSG00000183496,4.63480075092329,2.63903419456228,1.17690460883451,0.000842647239579944,0.0136067828251777,MEX3B
ENSG00000158292,69.0309463563729,1.2889361516519,0.747316366643271,0.000844979267959052,0.0136220900167944,GPR153
ENSG00000156973,59.3644388277669,1.06953469519416,0.465221213759519,0.000846641357198923,0.0136377156097411,PDE6D
ENSG00000160271,258.615864695978,-1.13847956470235,0.517306893861228,0.00084783307876817,0.0136428937531244,RALGDS
ENSG00000170074,20.9401889173766,-1.8841349936362,0.835634662098654,0.00085223240881067,0.0136829875489635,FAM153A
ENSG00000248098,118.281166462942,-1.76146800313491,0.719395976913786,0.000855462372274929,0.0137124766578662,BCKDHA
ENSG00000177380,11.2895735223866,1.35562300738745,0.637155347631964,0.000856161893224808,0.0137125229505591,PPFIA3
ENSG00000162493,845.086837940036,1.27322081903543,0.595438546653998,0.000858769481842718,0.0137431044557659,PDPN
ENSG00000105696,8.35076320842683,2.15328877261313,1.60577716638769,0.000860587109814146,0.013749834959076,TMEM59L
ENSG00000157240,210.944693946283,1.15212105146841,0.412062864649695,0.000860460994984089,0.013749834959076,FZD1
ENSG00000119938,6589.75268355583,-1.57729869161526,0.497464819320567,0.000865916927279404,0.0138237703135181,PPP1R3C
ENSG00000129911,42.3038674689547,1.21617022065197,0.547978177548715,0.000872845951556369,0.0138565201936136,KLF16
ENSG00000173535,11.2868738149984,-1.95225362102223,0.797160690453746,0.000873599957339694,0.0138565201936136,TNFRSF10C
ENSG00000206440,21.6861782160441,-1.43624107673957,0.529976723787549,0.000873356926378655,0.0138565201936136,NFKBIL1
ENSG00000227565,21.6861782160441,-1.43624107673957,0.529976723787549,0.000873356926378655,0.0138565201936136,NFKBIL1
ENSG00000234530,21.6861782160441,-1.43624107673957,0.529976723787549,0.000873356926378655,0.0138565201936136,NFKBIL1
ENSG00000236196,21.6861782160441,-1.43624107673957,0.529976723787549,0.000873356926378655,0.0138565201936136,NFKBIL1
ENSG00000236346,21.6861782160441,-1.43624107673957,0.529976723787549,0.000873356926378655,0.0138565201936136,NFKBIL1
ENSG00000073605,224.609793799184,-1.09134336904223,0.377082124401979,0.00087896101231939,0.0139191219360377,GSDMB
ENSG00000231290,14.2870675043056,1.79021963000764,0.891576836479413,0.000878574449742231,0.0139191219360377,APCDD1L-AS1
ENSG00000131759,708.490882080533,-1.42697237080412,0.846694020193877,0.000883584141058539,0.0139586438463855,RARA
ENSG00000141543,209.878325892605,-1.0160919087498,0.367123146297595,0.00090031190312834,0.0141887425950186,EIF4A3
ENSG00000145861,28.9712770000935,1.26925753604945,0.582216543823758,0.000901425217602703,0.0141949231866333,C1QTNF2
ENSG00000100242,1391.29001600878,-1.0651236207294,0.418192001099365,0.000908217103861834,0.0142335553124334,SUN2
ENSG00000108556,20.7150484635106,-1.30913735878244,0.665440819901328,0.000905410350179873,0.0142335553124334,CHRNE
ENSG00000143479,115.944348162074,-1.56947073295572,0.59800055951005,0.000908014866810295,0.0142335553124334,DYRK3
ENSG00000151458,418.947485539738,1.50257793666155,0.526623799312722,0.000907506477964657,0.0142335553124334,ANKRD50
ENSG00000164743,9.27205796899371,1.15293641915528,0.438545172891632,0.000909794440886557,0.0142469321992132,C8orf48
ENSG00000141040,49.0332810837101,1.20100550506218,0.447988195086385,0.000910981824544198,0.0142541861958092,ZNF287
ENSG00000188032,9.11023510552357,-1.51301249963934,0.728505190518067,0.000914904584847898,0.0142928427366238,C19orf67
ENSG00000060718,8567.90515791095,1.25530970932981,0.460013607932772,0.000925217963216646,0.014419628177321,COL11A1
ENSG00000120051,12.665879765812,-1.55298673391686,0.733497946483201,0.000927519516145199,0.0144440618321219,CFAP58
ENSG00000184897,440.712943892333,-1.02583240215114,0.399936884358047,0.000929097919859946,0.014457204311876,H1FX
ENSG00000272391,433.536327157186,-1.03336571633139,0.423289251609476,0.00093390690621391,0.0145205557203117,POM121C
ENSG00000101335,83.3531766063283,1.58364355355306,0.881431498611613,0.000939729322317588,0.0145880378395106,MYL9
ENSG00000268038,7.36445622234993,-1.3764911098957,0.86905160157298,0.000943066929953012,0.0146283131987353,LINC01785
ENSG00000278326,295.277936630233,-1.16165841988065,0.407608291929722,0.000973122467844092,0.0150234844368965,PPP4R4
ENSG00000125864,134.522910487018,1.42018217075223,1.00687066458385,0.000974837431739463,0.0150263899814875,BFSP1
ENSG00000173557,5.61415017761839,-1.5866405216683,0.916170008075814,0.000975651289293883,0.0150271674322854,C2orf70
ENSG00000151929,478.112016751732,-1.05209340290985,0.516989407169787,0.000983395376620857,0.0151227770260976,BAG3
ENSG00000076604,65.1747021708854,-1.06182516860961,0.393935808177084,0.000992182009805319,0.0152459880413801,TRAF4
ENSG00000126368,2781.9325553245,-1.54743141797698,1.17913393586717,0.00100496035909551,0.0153823014840093,NR1D1
ENSG00000266709,14.3171458444673,-1.67947491304963,0.663724984754207,0.00101559052278336,0.0155329322847457,MGC12916
ENSG00000149735,5.82260760752297,-1.64043636616992,0.75727451211701,0.00101914325741782,0.0155720996998648,GPHA2
ENSG00000224596,32.3550360365989,-1.005152097742,0.432086959216357,0.00102665747052036,0.0156534247452284,ZMIZ1-AS1
ENSG00000111452,80.6754750044021,-1.56038202798234,0.768238483958786,0.00102923186685078,0.0156564142713221,ADGRD1
ENSG00000082196,110.791514983915,1.41527404889326,0.483580229474438,0.0010346377889238,0.015681360363712,C1QTNF3
ENSG00000099250,364.600736062373,1.14160017673537,0.466432873693077,0.00103383448415191,0.015681360363712,NRP1
ENSG00000185803,29.366439503521,1.33337773421329,0.460400931732424,0.00104423014149563,0.0157869632144392,SLC52A2
ENSG00000185519,7.24157843598197,-2.47729698297167,0.877875686861631,0.00104954549864244,0.0158551447392769,FAM131C
ENSG00000099889,34.1034897295936,1.17456344965235,0.732238264455149,0.0010611818162652,0.0159574506274745,ARVCF
ENSG00000168502,29.3669088727921,1.28123995542317,0.571865556004205,0.00106508517587103,0.0159795248489676,MTCL1
ENSG00000007314,10.7628307252048,-1.51970475830701,0.853731977183996,0.00107051828036361,0.0159879224815458,SCN4A
ENSG00000112902,48.9350641856666,1.1872851888654,0.498421510601526,0.00106921434697591,0.0159879224815458,SEMA5A
ENSG00000151388,36.8219283449138,3.35966379120645,1.1617252266862,0.00106932746190962,0.0159879224815458,ADAMTS12
ENSG00000208028,4.21894065439804,-2.49311219681294,1.11715768063555,0.00106757162582867,0.0159879224815458,MIR616
ENSG00000237512,6.41496435834792,-1.37132999731691,0.607977975326263,0.0010674193458956,0.0159879224815458,UNC5B-AS1
ENSG00000228013,15.5926569665754,-1.48102287834645,0.606801567078877,0.00107681572884421,0.0160576066716435,LOC101928101
ENSG00000101084,108.62263035946,1.12620441758765,0.565431427443197,0.00107893377900895,0.0160735078612781,C20orf24
ENSG00000189409,14.4045960042461,1.61422589204392,0.739613264450984,0.00108441080124885,0.016134196683131,MMP23B
ENSG00000277443,90.3953403581827,1.98785376879839,0.930244517963271,0.00109661558633745,0.0162911556237482,MARCKS
ENSG00000104369,12.7372323760285,-1.52946281795142,0.588927063329745,0.0011007558796301,0.016315721938734,JPH1
ENSG00000146094,8.77737991985736,1.5477949504356,1.50183954237586,0.00110035382744121,0.016315721938734,DOK3
ENSG00000205002,25.6582622126186,-1.06029658112196,0.463951190847222,0.00111116602785492,0.0164452572122528,AARD
ENSG00000214548,1613.01807815976,-1.0407319906793,0.455050553379202,0.00112617078584546,0.0166173506361185,MEG3
ENSG00000162396,13.4473785580482,1.22193205608972,0.579758016843454,0.00114488861559603,0.0168556376285657,PARS2
ENSG00000233673,10.7138768694985,-2.55397250206058,0.747195053338043,0.00115009825618564,0.0169070456122166,ANAPC1P1
ENSG00000245532,35120.5085344893,-1.28144856913594,0.496489828561846,0.00115544802489494,0.0169477190179076,NEAT1
ENSG00000268403,28.8425090456354,-1.24347669296003,0.55042348339265,0.00116423914212036,0.0170639488261334,LOC644656
ENSG00000162913,33.3368652586099,-1.11961696776301,0.500669973309734,0.00116685878609623,0.0170896193047011,OBSCN-AS1
ENSG00000196296,10.300402437762,-1.57263302308009,0.622733444478672,0.00117033779085399,0.0171278283086765,ATP2A1
ENSG00000233608,67.4985524072216,-1.71731067849566,0.828164113238369,0.00117272793984522,0.017139169383258,TWIST2
ENSG00000114346,38.0760583109145,1.38248341152017,0.51294964950502,0.00118266781619153,0.0172612374967487,ECT2
ENSG00000184557,1087.84201643763,-1.71100966558738,0.696954949789178,0.00118525749133445,0.0172731391673748,SOCS3
ENSG00000079308,3088.58982588338,-1.09386520371289,0.462940326592141,0.00120668633766651,0.0175294567310904,TNS1
ENSG00000123416,1305.7193924167,1.05293035251885,0.509757725526178,0.00120873664029339,0.0175333618478519,TUBA1B
ENSG00000213085,12.3529313023887,-1.07979325933223,0.515054042169053,0.00120796913960255,0.0175333618478519,CFAP45
ENSG00000133055,23.0803773620055,-1.49435291619045,1.00152131846027,0.00121238952955593,0.0175733987479962,MYBPH
ENSG00000105854,194.920289115384,1.05081159734488,0.577083156487829,0.00121499112701704,0.0175981496278171,PON2
ENSG00000140931,93.2844468240388,1.08031939777621,0.555752096320913,0.00121757854870419,0.017601720290039,CMTM3
ENSG00000124003,15.4767906384107,-1.61747505730024,0.632167904418419,0.00122887109408686,0.0177339432668663,MOGAT1
ENSG00000100678,31.9127384111458,1.3791677869394,0.652983824281818,0.00123218555900812,0.0177580865118776,SLC8A3
ENSG00000156413,14.2183682937224,-1.02393451535684,0.452113461492697,0.00123234841369766,0.0177580865118776,FUT6
ENSG00000122952,8.94050623751002,1.8566117027683,0.771316392793957,0.00123813162983321,0.0178153384514889,ZWINT
ENSG00000087303,132.026360423897,1.75440309340676,0.676789770622379,0.00124340632695233,0.0178781666469902,NID2
ENSG00000077063,625.478638044813,-1.56571826300375,0.784001431669686,0.00125482171770342,0.018029131891441,CTTNBP2
ENSG00000120217,29.4906346825871,-1.24025559035477,0.632313269414925,0.00125667110014622,0.0180425338696413,CD274
ENSG00000278468,12.0044676075641,-1.69267827642933,1.14856286432194,0.00126897389157356,0.0182058907301268,MUC4
ENSG00000196812,13.8666841497033,1.32526305988042,0.653329383030197,0.00127161011014661,0.0182304249148768,ZSCAN16
ENSG00000132646,128.683856644026,1.02782967423052,0.466675599763435,0.00127698184572492,0.0182808077463632,PCNA
ENSG00000112186,14.0857559323056,1.5139025761185,0.709883506685234,0.00128722875876722,0.0183607325272275,CAP2
ENSG00000167202,451.278783304166,-1.22127931956765,0.483173908171145,0.00129401457530965,0.0184441585086135,TBC1D2B
ENSG00000136527,1642.26095727403,-1.36761506719403,0.515011763037935,0.00130415530927356,0.0185752482689875,TRA2B
ENSG00000235162,82.898110365958,1.33483446600696,1.02006169150424,0.0013117824339491,0.0186703726896993,C12orf75
ENSG00000119698,305.391147442587,-1.14034389348319,0.415775592754653,0.00131536841228484,0.0187078842683634,PPP4R4
ENSG00000156466,153.07894876971,1.98924609153426,0.7764167252986,0.00131666385969149,0.0187127880246696,GDF6
ENSG00000130653,147.923347637217,-1.35070324740167,0.770576318551189,0.00132558995965618,0.018783000417705,PNPLA7
ENSG00000108960,11.6281089684065,1.08380908910121,0.440358743729209,0.00133054059339606,0.0188014077820589,MMD
ENSG00000231528,25.8857685119025,2.00944332256636,0.932714981820353,0.00133016951767123,0.0188014077820589,FAM225A
ENSG00000151617,8.52579721549474,1.73576354258177,1.02571082463204,0.00133451053933032,0.0188304698610595,EDNRA
ENSG00000183160,54.1617968409456,1.68646431788682,0.932009700087188,0.00133957144042763,0.0188561801632991,TMEM119
ENSG00000127831,10.8191374962966,-1.0963847213617,0.482296548929932,0.00134510409868838,0.018898664581429,VIL1
ENSG00000064601,460.73387808207,1.13729556449418,0.803997486848811,0.00135896693329545,0.0190252527915084,CTSA
ENSG00000205181,39.9791946659982,1.15207703150813,0.423011205185202,0.00135942583387344,0.0190252527915084,LINC00654
ENSG00000213373,13.4607748964849,-1.20409475015047,0.536586602743271,0.0013583097881182,0.0190252527915084,LINC00671
ENSG00000076716,20.9739381819424,1.36449793937875,1.92342697857625,0.00136088523030165,0.019025330165666,GPC4
ENSG00000131730,19.598737276019,1.62562497008314,0.667052489733087,0.00138184254233198,0.0192363427180075,CKMT2
ENSG00000171631,58.609182847921,1.16623370127761,0.605728722523172,0.00138629425267255,0.0192846756675664,P2RY6
ENSG00000150676,8.29153508043959,1.23158349655912,0.691906082648244,0.0013969164311325,0.0193809351656644,CCDC83
ENSG00000181634,49.6143576547596,1.29193868521189,0.546680084874256,0.00139715235724841,0.0193809351656644,TNFSF15
ENSG00000278788,414.08288779174,-1.0470057772548,0.540750120540309,0.00140159941500051,0.0194289316090634,SBNO2
ENSG00000170801,268.21269436212,1.47207406654356,0.943987817517161,0.00140535008899165,0.0194672140406133,HTRA3
ENSG00000270673,6.03007618452678,-1.40448472843586,0.579865907268673,0.00141631288475466,0.0195777407468474,YTHDF3-AS1
ENSG00000017483,44.6785857705897,1.47768170402984,0.772137756310943,0.00142496054779246,0.0196613373771732,SLC38A5
ENSG00000164125,106.95307185199,1.58353710769599,0.667071662436647,0.00142635591214201,0.0196613373771732,FAM198B
ENSG00000106511,60.9148910383781,1.41723900194362,0.664604076194227,0.00144551073272484,0.0198697159657512,MEOX2
ENSG00000157227,703.027637408639,1.41608032111398,0.623266188758621,0.00145000888272053,0.0199176377163091,MMP14
ENSG00000116701,11.0155115233753,1.58143910675994,0.717513255180163,0.00145737017532683,0.0199908533318003,NCF2
ENSG00000127528,276.58308522248,-1.28720974609579,0.656254406543704,0.00146610249046745,0.0200966305169647,KLF2
ENSG00000108551,456.863278350863,-1.06387910058985,1.07436423866247,0.00146828513901123,0.0201125432681259,RASD1
ENSG00000131094,2.51179664644642,3.62216813869904,2.60080817523974,0.00147153570497634,0.0201290540769662,C1QL1
ENSG00000123095,2698.32429676578,-1.17334248267575,0.567810284144315,0.00148133572882911,0.0202209517935313,BHLHE41
ENSG00000128268,22.3600107078232,1.28631669721513,0.697985218688876,0.00148529647632388,0.0202528447784332,MGAT3
ENSG00000166428,37.8949141112148,-1.06111234067062,0.466572131266214,0.00148866948656162,0.0202788720923729,PLD4
ENSG00000176387,13.8009497293301,-2.05953801661108,1.12263285871394,0.00149828494634286,0.0203547579911906,HSD11B2
ENSG00000096092,120.206546835736,1.24045309171844,0.970611458493709,0.00151659400211118,0.0205880250603837,TMEM14A
ENSG00000166483,175.775217816941,-1.23286957545146,0.493600658104722,0.00151838781288169,0.0205981707158947,WEE1
ENSG00000260832,3.48090451168487,2.21933689107911,1.02697832769598,0.00153164349486709,0.0207351241767289,LOC101928417
ENSG00000104522,42.646878632695,1.14777130747602,0.695302729245087,0.001534683546008,0.0207477410162235,TSTA3
ENSG00000122861,31.2701065629422,2.7441530042997,1.28610463941985,0.00153420262477088,0.0207477410162235,PLAU
ENSG00000227231,95.4499334667234,-1.12238688510805,1.56966556574373,0.00155288738919602,0.0209363255951606,IER3
ENSG00000230128,95.4499334667234,-1.12238688510805,1.56966556574373,0.00155288738919602,0.0209363255951606,IER3
ENSG00000235030,95.4499334667234,-1.12238688510805,1.56966556574373,0.00155288738919602,0.0209363255951606,IER3
ENSG00000237155,95.4499334667234,-1.12238688510805,1.56966556574373,0.00155288738919602,0.0209363255951606,IER3
ENSG00000164404,10.2245475589687,-1.15705512014687,0.55071540779048,0.00160382570798889,0.0214906094186884,GDF9
ENSG00000223561,301.037177109992,-1.57910227353809,0.653489363372906,0.00160568274056402,0.0215008565069811,LOC646588
ENSG00000134222,50.5936514025854,-1.27151850426641,0.5183932388513,0.00162444780817967,0.0216759009298846,PSRC1
ENSG00000228804,11.3772519892541,-1.99710862769422,0.932977151391232,0.00162190602913809,0.0216759009298846,LOC100131635
ENSG00000145632,36.8040837938828,-1.74454610083367,0.871989961877457,0.00163699839859878,0.0217720787013638,PLK2
ENSG00000182578,31.1976749094633,1.53409220949092,0.836092410556318,0.00164068448679952,0.0218063696408924,CSF1R
ENSG00000038295,26.1662879932202,2.08130500762511,0.995802556030496,0.00164687522022671,0.0218296914713418,TLL1
ENSG00000074855,40.7168867803663,1.08017250300906,0.821996647012858,0.00164607871702416,0.0218296914713418,ANO8
ENSG00000132386,78.4424073562268,1.28703983465294,1.08002353969326,0.00164468546185622,0.0218296914713418,SERPINF1
ENSG00000163874,66.8936622977873,-1.1769197879468,0.698769693219488,0.00167489110556481,0.0221265480013005,ZC3H12A
ENSG00000249917,6.68222761994907,2.61375115717021,1.73876683101077,0.00168560681278738,0.0222233653736817,LINC00536
ENSG00000077150,122.358055480125,-1.07281712260652,0.463820759053995,0.00168822701358124,0.0222430124065149,NFKB2
ENSG00000133816,256.395253912498,1.27353254728457,0.47275825896243,0.00169089895711978,0.0222633144293952,MICAL2
ENSG00000112297,51.1790393509759,1.30549086629939,0.501661416201018,0.00169888661346726,0.0223385999328588,CRYBG1
ENSG00000152969,5.40533096801897,-1.2880558085775,0.658653668182909,0.00170728022519112,0.0223742369857936,JAKMIP1
ENSG00000104447,4658.87495275365,1.06721657066613,0.411783783107152,0.00171293323972649,0.0224153091687021,TRPS1
ENSG00000136859,7238.03844119751,1.41220357944737,0.684754373959337,0.0017118179713483,0.0224153091687021,ANGPTL2
ENSG00000183010,271.621493620582,1.09610335962277,0.624380525992558,0.00171617466057146,0.0224275216717698,PYCR1
ENSG00000198944,6.06959521021131,-1.88161231377621,0.746584936587615,0.00172846678294552,0.022561764028846,SOWAHA
ENSG00000225553,423.388398534677,-1.01933678356919,0.457524968750705,0.00174876115697742,0.0227813465347079,PHF1
ENSG00000130940,15.3493009672892,-1.13452981496082,0.648846071471079,0.00176302642660533,0.0229368223273623,CASZ1
ENSG00000133639,2574.13579187136,-1.26654240828324,0.558252229690709,0.00176622733532894,0.0229632885525857,BTG1
ENSG00000164742,34.3321590583658,1.14459173006328,0.569429094795054,0.00177788107747186,0.023099545299641,ADCY1
ENSG00000197959,59.7288028769067,1.00219299359957,0.434345057926248,0.00179964478496632,0.0233361053671127,DNM3
ENSG00000206312,4.71970736567462,-1.47940522539972,0.741988788209473,0.0018093066633679,0.0234340908406826,NOTCH4
ENSG00000114315,889.793969270788,-1.19690149447477,0.706870121321619,0.00181431575369128,0.0234524159404036,HES1
ENSG00000163520,62.6953864112137,1.49363319771465,1.37974791922205,0.00181335145460447,0.0234524159404036,FBLN2
ENSG00000116574,430.644390229666,-1.08676259703735,0.519924275688546,0.00183177105691891,0.0236281661103485,RHOU
ENSG00000116157,75.5371157481677,1.22116940581254,0.816550891820662,0.00184039708953711,0.0237238875641444,GPX7
ENSG00000140563,396.93031976657,-1.00283435828173,0.41010704812322,0.00184539674712617,0.0237572201245465,MCTP2
ENSG00000259641,7.78435903007943,-1.33285740307447,0.760332453686276,0.00185896945629357,0.0238850879749886,PCAT29
ENSG00000076356,160.955784682093,1.29544061630321,0.52194762509916,0.00186831388530316,0.0239894915318379,PLXNA2
ENSG00000116254,45.9363448549272,-1.29955696370192,0.706257582245489,0.00188065023721518,0.0241007286909789,CHD5
ENSG00000152705,9.39199242211542,-1.34846139519337,0.717208877563138,0.00187988420791063,0.0241007286909789,CATSPER3
ENSG00000219073,9.51077816813683,-1.34571498195945,0.61984255605602,0.00188668866661097,0.0241466708150652,CELA3B
ENSG00000223522,40.8809715471951,-1.10003676343236,0.477138147615611,0.00188594147762036,0.0241466708150652,LOC100505716
ENSG00000168268,138.971535604121,1.16200115049442,0.72074831383264,0.0018898718126726,0.0241716938015903,NT5DC2
ENSG00000187260,14.1736066709722,-1.19309616104865,0.49953158939694,0.00191699650571555,0.0245027007912369,WDR86
ENSG00000187627,100.448753590231,-1.82336655215465,0.610248336391162,0.00192004872564179,0.0245257878751025,RGPD1
ENSG00000197635,89.6352738830067,1.55880620593525,0.717954599707683,0.00192915993346556,0.0246261894489858,DPP4
ENSG00000156103,230.091866880518,1.70710959918078,0.683534356045091,0.00194279509718843,0.0247551777757557,MMP16
ENSG00000169330,24.7506095015137,1.05139230125818,0.440012504455536,0.0019499427956009,0.0247950090365686,KIAA1024
ENSG00000137563,59.4525177280101,1.19070376981851,0.843217598231579,0.00195155402322559,0.024799476690234,GGH
ENSG00000118849,36.9828670284318,1.84345315677796,1.11309946091937,0.0019720001157651,0.0250431292120776,RARRES1
ENSG00000237686,50.2348904780621,-1.3556282998254,0.631359159136015,0.00198690662817362,0.0251999162815526,LOC101929705
ENSG00000273859,18.4866839747557,-1.63564578061945,0.85228094422764,0.00199417214600762,0.0252595138494299,RASSF7
ENSG00000117724,91.8732263595865,1.30388802911567,0.546893205286695,0.00200111245233485,0.0252823475685233,CENPF
ENSG00000187801,15.6780072178672,1.05527352072751,0.451974344314473,0.00199832402649718,0.0252823475685233,ZFP69B
ENSG00000204103,212.061646551755,1.63582566563491,0.765649543800489,0.00202578978799973,0.0255449366989025,MAFB
ENSG00000101049,21.4239425396486,-1.17311850578704,0.53675613914257,0.00203271927966414,0.0255831498087652,SGK2
ENSG00000123358,432.68301869319,-1.06767243240615,1.39956615068356,0.00203867958854745,0.0256253952879744,NR4A1
ENSG00000146376,27.9632037838883,1.34238316395425,0.58197956895568,0.00204391555360121,0.0256748141398126,ARHGAP18
ENSG00000107719,165.406384481571,-1.25787536855156,0.546743150241793,0.00205617182400666,0.0258122998620835,PALD1
ENSG00000139985,19.7473957490482,-1.63654919286169,0.656922990861572,0.00206177516125363,0.0258496702382907,ADAM21
ENSG00000141429,399.479094422023,1.08625210961904,0.425953804028156,0.00206856596015559,0.0259150653472126,GALNT1
ENSG00000152580,25.1324403024862,1.22839045380246,1.191432106608,0.0020913300540375,0.0261203938982703,IGSF10
ENSG00000187688,23.0620583784076,1.27963227459016,0.551402128710142,0.00209880611910181,0.026163964311843,TRPV2
ENSG00000078246,350.617679257872,-1.05253869595256,0.477643513590665,0.00211851756263321,0.026376280646978,TULP3
ENSG00000171872,10.6022080716563,1.54612673988633,0.649378829375645,0.00213972947683057,0.0266067182703303,KLF17
ENSG00000160097,11.5984070821641,1.08182375702035,0.507801420240829,0.00215727323237715,0.0267194262869535,FNDC5
ENSG00000171954,14.5797866214897,-1.42454303888857,1.00169245909777,0.00215965287657707,0.0267194262869535,CYP4F22
ENSG00000187840,114.06494205917,-1.83124485661575,0.862828152196256,0.00218330518469402,0.0269443130128633,EIF4EBP1
ENSG00000147576,230.841634531262,-1.31601904578615,0.709702714401009,0.00220469820818277,0.0271633559228231,ADHFE1
ENSG00000188042,93.7287137113332,1.81154046068175,0.755013331167004,0.00222016732750893,0.027296548204051,ARL4C
ENSG00000181609,4.49516027580202,-1.53353473699542,0.816924223442717,0.00225519631499713,0.0276581210370115,OR52D1
ENSG00000128596,68.8832909079279,1.07404484725611,0.873766612851997,0.00226236644232085,0.0277287802307868,CCDC136
ENSG00000221866,57.897280292976,1.51297599616291,1.34177556365002,0.00226703295017695,0.0277686848732316,PLXNA4
ENSG00000281484,18.4601009635531,-2.05129724849569,0.913916963759435,0.00229803042584477,0.0280610613538018,BTG3
ENSG00000204403,20.0687620669349,-1.1871023044058,0.657279869861949,0.00232122604990649,0.0282566565036236,CASP12
ENSG00000168078,6.27025258843441,2.83180805212762,1.46508005672943,0.00232947034568574,0.0283045026447395,PBK
ENSG00000196549,23.3505424792006,1.60729537628077,0.753082966424409,0.00232700023285951,0.0283045026447395,MME
ENSG00000145335,14.9058890794465,-1.22165683384307,0.950189731517057,0.00233754228435932,0.0283721571197019,SNCA
ENSG00000100908,54.1325355228138,-1.29588801243538,0.661201313336444,0.00234811629141349,0.0284607888424773,EMC9
ENSG00000088325,15.6845830094792,1.90907191398056,0.733429740245511,0.00235233196678087,0.0284943399594552,TPX2
ENSG00000283196,60.2601204152203,1.20368850745035,0.846721161852661,0.00236128917794501,0.0285732761369577,LOC645166
ENSG00000164185,6.01021173386415,1.87885373039995,0.824924845293978,0.00237477807965106,0.0286604118454025,ZNF474
ENSG00000157680,120.113293770097,1.71212544342103,0.733166311137971,0.002379039868944,0.0286942529291016,DGKI
ENSG00000136999,37.6843924344797,1.26407749847784,0.841490241172068,0.00238453613745722,0.0287429328412174,NOV
ENSG00000281931,10.2538733652726,1.50763639967754,1.35815325581847,0.00239310738702341,0.028793926313039,SCG5
ENSG00000163659,2398.75391300638,-1.21219883246414,0.655847912974242,0.00240246885493784,0.0288003635448213,TIPARP
ENSG00000143320,15.2708564521551,2.21488298793657,0.938590790368931,0.00241298536039298,0.0289088276530587,CRABP2
ENSG00000154479,30.219785590562,-1.48601239433129,0.72607540533849,0.00241749165477634,0.0289451981341956,CCDC173
ENSG00000157150,472.94357830288,-1.14728437911427,0.568805900362191,0.00242872744878961,0.0290620493021123,TIMP4
ENSG00000106823,1560.15320641894,1.13593410822283,0.523105274732757,0.00243996819906041,0.0291434065717871,ECM2
ENSG00000134686,450.536212586916,-1.27022766418255,0.738830891406519,0.00245429115689895,0.0292789497772115,PHC2
ENSG00000153012,19.1953870484193,1.34142784347567,0.662464517543758,0.00249808389114653,0.0297113494340352,LGI2
ENSG00000096171,13.6559538765962,1.27474282090858,0.775103204600268,0.00253282904124197,0.0300338595468716,VARS
ENSG00000204394,13.6559538765962,1.27474282090858,0.775103204600268,0.00253282904124197,0.0300338595468716,VARS
ENSG00000226589,13.6137011780324,1.28326214135001,0.778851089584679,0.00253624480701435,0.0300562569423664,VARS
ENSG00000266079,9.02852146265904,-1.50092100805302,0.584042555934504,0.0025417601071091,0.0300853914301476,SNORA59B
ENSG00000105464,17.2500964516771,1.1508518790091,1.3370801609103,0.00257838394066388,0.0303909637652861,GRIN2D
ENSG00000124575,12.2731552527856,-2.42366359063011,1.15773122109427,0.00257701232581651,0.0303909637652861,HIST1H1D
ENSG00000198088,8.44557310659195,-1.15371940433123,0.595424669675394,0.00258344258675214,0.0304323661745237,NUP62CL
ENSG00000163624,12.2925171260083,-1.20341212404432,0.601529523962964,0.00258752999351548,0.0304462580654541,CDS1
ENSG00000258716,7.11572837925251,-1.63432141053506,0.800656789351984,0.00261590315415318,0.0306811906516922,LOC105370622
ENSG00000239474,16.1761325719067,-1.50931485626121,0.551027872208447,0.00262521214972881,0.0307587356876559,KLHL41
ENSG00000258708,41.0831074213345,-1.17261240411117,0.579365453013075,0.00266582514922728,0.0311419004376201,SLC25A21-AS1
ENSG00000188993,15.847175214368,1.07647866861148,0.555340179749909,0.00267888108064675,0.0312319431425391,LRRC66
ENSG00000185186,4.43775708300784,-1.61912490407161,0.905716796117095,0.00269726179457956,0.0313787831941514,LINC00313
ENSG00000156804,164.908754177531,-1.0244089132096,0.440881127067395,0.00270038200415103,0.0313965265030767,FBXO32
ENSG00000171724,27.4068808257472,1.30678728593845,0.896522991768021,0.00274561052489803,0.0318426211112503,VAT1L
ENSG00000228495,14.1573803844571,-1.11543761718513,0.56309335645873,0.00275659996278648,0.0318806778304872,LINC01013
ENSG00000162687,511.984220008598,-1.1862789598284,0.487049721705245,0.00278532437586819,0.032118526663497,KCNT2
ENSG00000168918,40.7088632919972,-1.36066519301073,0.635032171210435,0.0028099475483319,0.0323267139341701,INPP5D
ENSG00000281614,40.7088632919972,-1.36066519301073,0.635032171210435,0.0028099475483319,0.0323267139341701,INPP5D
ENSG00000142731,6.68623643904451,2.02396625765564,0.981309214775008,0.00281330477304968,0.0323464317480782,PLK4
ENSG00000172803,26.6280313113082,-1.19978368111449,0.556043400255343,0.00282178306924641,0.0324060548045778,SNX32
ENSG00000104213,251.247476628265,1.01517373602958,0.663683149108677,0.00282519578935177,0.0324074323529139,PDGFRL
ENSG00000222937,4.89160634570297,-1.82304810580746,0.930203065379756,0.00282450176826674,0.0324074323529139,SNORD63B
ENSG00000204428,6.04813645611111,-1.72180241499588,1.00207195765029,0.00283914131789693,0.0325294864385816,LY6G5C
ENSG00000159674,139.604870117154,1.03327239707566,0.622556288058964,0.00289984621132291,0.0330518661399422,SPON2
ENSG00000282977,11.3949318645989,-1.40855266822043,0.735200981198052,0.00290802908366771,0.0331166777492025,PCBP2-OT1
ENSG00000177947,14.7720790592749,-1.0507335550033,0.522675429802761,0.00291826154089355,0.0331848990011257,ODF3
ENSG00000123572,641.515569769335,1.03589398669581,0.40592037088919,0.00294730983351766,0.0333810200243558,NRK
ENSG00000170017,122.850187617497,-1.01903878185092,0.511217656408414,0.00294406885146818,0.0333810200243558,ALCAM
ENSG00000128591,42.3807528884627,2.55182334541408,0.941622714254723,0.00295618711396391,0.0334615222261447,FLNC
ENSG00000134198,1115.10957965287,1.4565143186341,0.594774364418956,0.00299047756739794,0.0337680893064734,TSPAN2
ENSG00000102743,21.7253172714923,1.06882160043594,0.424951406154846,0.00302011429679298,0.0339508451273975,SLC25A15
ENSG00000222041,45.9820346810233,1.0446921061246,0.550722667436001,0.00304309621370308,0.0341312284162572,CYTOR
ENSG00000257446,10.2897837217908,-2.37608164778532,1.30204075499206,0.00307840648625794,0.0343543027334736,ZNF878
ENSG00000166278,25.5766879939176,1.19599480164658,0.56016359141776,0.00310623221384412,0.034585651712709,C2
ENSG00000112183,9.79761940893131,-1.52362880297572,0.759151261993056,0.00311144797823804,0.0346216743943684,RBM24
ENSG00000131979,175.378663626285,-1.34732393163129,0.7407377094026,0.00313621525034129,0.0348775485806316,GCH1
ENSG00000095752,31.30992849873,1.98253555939466,0.922857294813746,0.00317945571567917,0.0351795426123827,IL11
ENSG00000197020,32.1703193510542,1.25302386877959,0.932448022098772,0.00318553650979785,0.0352270228420567,ZNF100
ENSG00000273993,91.4219515602031,1.20101942681996,0.542897440610719,0.00319679571565815,0.0353316826878242,PTPRK
ENSG00000205413,61.9713290664201,1.37773053903187,0.653342770131197,0.00320837310582065,0.0354198632725596,SAMD9
ENSG00000255274,7.21848761322134,-1.24471018163218,0.822759949300187,0.00322986151617817,0.0355772770478181,SMIM35
ENSG00000184492,3.62742943472701,1.82173230531629,1.66271420876836,0.00324822855948256,0.0356797605830662,FOXD4L1
ENSG00000224200,2.90193197725447,1.85496768461948,1.20313832703941,0.00325517729474778,0.0357282524072051,FKBPL
ENSG00000038427,2042.70635887833,1.2998241205052,0.771131139726565,0.00327418137547375,0.0358916110305893,VCAN
ENSG00000159374,18.9613597453045,1.02180795054205,0.590446294938748,0.0033077538707709,0.0361721262179191,M1AP
ENSG00000174099,239.938012402168,1.0031596212148,0.441820964933676,0.00333428373227149,0.0364217763518491,MSRB3
ENSG00000127951,102.61389849375,-1.00187116871801,0.634760962237374,0.00336011215684737,0.0365618837453752,FGL2
ENSG00000152894,91.6531052817749,1.19003213542149,0.544506454275777,0.00337906961692502,0.0367072882668609,PTPRK
ENSG00000131435,389.479727341604,-1.00768554251413,0.600721068445201,0.00338663859511737,0.0367489493419461,PDLIM4
ENSG00000204315,4.65155970206548,-1.17278462206624,0.577175952521296,0.00341671183599431,0.0369937050493466,FKBPL
ENSG00000230907,4.65155970206548,-1.17278462206624,0.577175952521296,0.00341671183599431,0.0369937050493466,FKBPL
ENSG00000147894,136.202669945465,-1.18341964845143,0.511313810068784,0.0034209867215064,0.0369992871572154,C9orf72
ENSG00000198768,47.4804587081981,1.38608285922626,1.04109452260888,0.00343804876304022,0.0371226285527612,APCDD1L
ENSG00000230467,3.36367431964843,-2.19281634293889,1.22828301097106,0.00344666349493005,0.0371780733242278,RNF39
ENSG00000249487,11.8343832381111,1.27427225542313,0.806639766224922,0.00345922901637562,0.0372084502504578,LINC01586
ENSG00000172059,97.9788002774171,-1.11175363973698,0.503854788010319,0.00346562533811068,0.0372568919472259,KLF11
ENSG00000126246,17.9221281359184,-1.0267877782976,0.569488339872209,0.00349249059688082,0.0374842883909498,IGFLR1
ENSG00000183876,17.631597356404,1.67817709610863,0.76469359033903,0.00350514894558988,0.0375791676715639,ARSI
ENSG00000068976,21.8299743604159,-1.10528067189226,0.536034618543125,0.00355765051513201,0.0379971745739872,PYGM
ENSG00000186469,116.087420313567,1.03733932529614,0.545343300194525,0.00356941931187199,0.0381020939970384,GNG2
ENSG00000196878,61.2152124999737,1.13204526958269,0.93195315581692,0.00357134542900508,0.0381020939970384,LAMB3
ENSG00000112796,17.3758561366524,-1.54968147845843,0.811185416734183,0.00357749089354576,0.0381469830707231,ENPP5
ENSG00000232987,2.72225696569909,-1.59018487807113,3.50452572958297,0.00359151600228751,0.0382757991277896,LINC01219
ENSG00000165521,8.68772676293195,-1.16498538784331,0.866768250544179,0.00364580032208978,0.0386242914639479,EML5
ENSG00000156886,4.33900782445716,-1.08276738838938,1.2307500301542,0.00367197244912785,0.0388068539287122,ITGAD
ENSG00000103254,16.3870572291393,1.06770193806196,0.553152644036736,0.00368929082349057,0.0389592277733843,FAM173A
ENSG00000224287,14.5471777459615,1.11915918738625,1.22154716191019,0.00371396922093557,0.0391149117950218,MSL3P1
ENSG00000050030,30.2723511045713,-1.07220108111391,0.57143309620613,0.00375530239712266,0.0394868442227363,NEXMIF
ENSG00000115318,503.101376284664,1.24895520327503,0.580801640146042,0.00377026654246087,0.0396230254254136,LOXL3
ENSG00000046653,384.008017806048,-1.06402568194734,0.607346947163364,0.00380198171505555,0.0398499510538623,GPM6B
ENSG00000135605,18.1108701198588,-1.07978554772882,0.528691339182878,0.00383578507637905,0.0401188062930102,TEC
ENSG00000164626,756.713046395011,-1.13509368655694,0.673228620621122,0.00383913231620107,0.0401324909782803,KCNK5
ENSG00000172640,10.1816554423211,-1.53902022910311,1.17018036575698,0.00388033247743217,0.0403275947654566,OR10AD1
ENSG00000173210,31.2363762278009,1.29121454007179,0.85207655803235,0.00391547364845421,0.0406284571935544,ABLIM3
ENSG00000073756,256.137576271775,-1.46822202197907,0.693297580376612,0.00392779056629907,0.0407133383396687,PTGS2
ENSG00000077522,21.4022456771247,-1.53561744533838,1.27771276793509,0.00392744733145585,0.0407133383396687,ACTN2
ENSG00000081923,125.943809720078,1.02855661064085,0.481819639455625,0.00393722636201321,0.0407682081587944,ATP8B1
ENSG00000273313,5.57755006311693,-2.18610551841557,2.01529476596086,0.00393709740150736,0.0407682081587944,RBAKDN
ENSG00000133083,37.2131581955999,1.28065673275523,1.29019152285799,0.00394467054813237,0.0407981260682901,DCLK1
ENSG00000186439,6.01433751366958,-2.2077141029127,2.25997426857423,0.00395852560703979,0.0408798167627119,TRDN
ENSG00000126787,9.43963234627182,1.62930158982952,0.687584622332322,0.00396572201026029,0.0409126163783876,DLGAP5
ENSG00000179300,17.4546917652282,1.06188546820797,0.675539734926827,0.00398991353673319,0.0410348305902952,RTL3
ENSG00000170893,3.31209631086858,-1.88112818642093,1.53147902066795,0.00399620723472675,0.0410764194299537,TRH
ENSG00000083067,57.6168918991439,-1.009516194973,0.495496465138984,0.00401712141960149,0.0411838635538728,TRPM3
ENSG00000068366,759.418419570612,-1.08107850280901,0.599715379696127,0.00405928254963757,0.0415080091984758,ACSL4
ENSG00000182896,3.38204602420291,-1.29581890940724,0.778149632724526,0.00414417028532988,0.0422006455749784,TMEM95
ENSG00000273572,9.40423456634835,-1.1766473125696,1.12922273000725,0.00418452084538443,0.0423532894718699,CDHR5
ENSG00000171951,4.54870501640551,3.0922347050639,1.30325777210998,0.00419126741880525,0.0423951222362603,SCG2
ENSG00000130489,16.0458614653001,1.24398129368185,0.553801727053435,0.00433544114395732,0.0434171337025806,SCO2
ENSG00000008311,395.209569559959,-1.14235279730531,0.622112506352169,0.00441347987877427,0.04400594400364,AASS
ENSG00000010030,8.72977232711244,-1.02294149031879,0.860135485428078,0.0044153494923384,0.04400594400364,ETV7
ENSG00000222020,12.564991029203,-1.1848243371077,0.745120913642272,0.00444402734048489,0.044135335100961,LOC101928111
ENSG00000114812,19.5899152433977,-1.33032452796732,1.23661081161256,0.00445640684399258,0.044235033362628,VIPR1
ENSG00000182676,6.72528523537461,-1.26208869098007,0.802951180006103,0.00450751605987308,0.044608318814752,PPP1R27
ENSG00000165061,35.4640906373575,-1.00054492830163,0.663870749723977,0.00451285787536471,0.0446364307566496,ZMAT4
ENSG00000165966,36.9065282126861,-1.76634810116704,0.997154743824288,0.00453094129612034,0.044706196487505,PDZRN4
ENSG00000196542,84.5563285551967,1.53104656434104,1.00302762757535,0.00453415168558661,0.0447145499895225,SPTSSB
ENSG00000124251,14.4786245032035,-1.14368690700012,0.723034844859752,0.00461491509989269,0.0452419831855113,TP53TG5
ENSG00000249082,9.00551345275557,-1.40886951031064,1.09422371742728,0.00464788274025817,0.0454264765934666,C5orf66-AS1
ENSG00000121005,2721.33184693461,1.49097090520541,1.31376726610315,0.00467457088975935,0.045559370525424,CRISPLD1
ENSG00000115548,896.010969900296,-1.30117162662054,0.564316089804117,0.00478742077558803,0.0462846711918835,KDM3A
ENSG00000203943,6.32686472679951,1.44134243368044,0.923399632952103,0.00486424426845945,0.0468662673423181,SAMD13
ENSG00000134057,15.0069686195026,1.22874737646358,0.523881119862616,0.00488970790621485,0.0469636313257101,CCNB1
ENSG00000182481,40.6015070125726,1.1894764405516,0.717919583447481,0.00488543989927402,0.0469636313257101,KPNA2
ENSG00000090530,153.571504058074,1.15040430042323,0.497484676134351,0.00498871974005988,0.0476457832912852,P3H2
ENSG00000118515,282.67024642933,1.14901923240085,0.761071130732027,0.00501570834836595,0.0478803118958464,SGK1
ENSG00000143196,900.878793659314,1.07787831600064,0.692003860388858,0.00504312291468922,0.0480488051562162,DPT
ENSG00000167797,208.468231766252,-1.24848026184359,0.960007169717041,0.00510703156191694,0.0482527686480613,CDK2AP2
ENSG00000165323,41.0209465597435,1.54682074958461,0.772887280551023,0.00523024808185796,0.0491888214253665,FAT3
ENSG00000282908,41.0209465597435,1.54682074958461,0.772887280551023,0.00523024808185796,0.0491888214253665,FAT3
ENSG00000260581,6.1969142220282,1.39431945083612,0.853519833093768,0.00523918910584174,0.0492258703386105,LOC105378231
ENSG00000198108,156.857710343318,1.1958054738011,0.564064622397675,0.0052420048624277,0.049228828106883,CHSY3
ENSG00000164929,244.563374975628,1.20994994785932,0.742342645886335,0.00529108666827783,0.0495147192237972,BAALC
ENSG00000273129,9.38656089647042,-1.57257188112663,0.846462552628209,0.00528284421325958,0.0495147192237972,PACERR
